sample_id,partner_sample_id,contributor,country,location,year,month,latitude,longitude,sex_call,sample_set,release,aim_fraction_colu,aim_fraction_arab,species_gambcolu_arabiensis,species_gambiae_coluzzii,species,PC1,PC2,PC3,PC4,PC5,PC6,PC7,PC8,PC9,PC10
AK0049-C,KIL38,Janet Midega,Kenya,Kilifi,2012,-1,-3.511,39.909,F,AG1000G-KE,v3,0.32,0.004,gamb_colu,intermediate,intermediate_gambiae_coluzzii,-206.95581,-0.5880475,-33.37246,-193.13489,25.884062,-144.90044,-1.3084133,1.4822136,-1.5535306,0.72983295
AK0050-C,KIL39,Janet Midega,Kenya,Kilifi,2012,-1,-3.511,39.909,F,AG1000G-KE,v3,0.133,0.004,gamb_colu,intermediate,intermediate_gambiae_coluzzii,-183.86528,-39.87025,-12.71223,-86.5324,227.81245,26.382292,-0.5484326,0.13705741,-2.001673,-0.05830392
AK0051-C,KIL40,Janet Midega,Kenya,Kilifi,2012,-1,-3.511,39.909,F,AG1000G-KE,v3,0.157,0.003,gamb_colu,intermediate,intermediate_gambiae_coluzzii,-139.08963,67.96268,60.03414,256.0623,61.284138,-59.95819,-1.4085616,0.50865525,4.0156407,2.6041641
AK0052-C,KIL41,Janet Midega,Kenya,Kilifi,2012,-1,-3.511,39.909,F,AG1000G-KE,v3,0.222,0.004,gamb_colu,intermediate,intermediate_gambiae_coluzzii,-166.28136,-14.431112,-13.573649,-144.71568,150.05019,-84.42275,-0.4024366,-1.1576563,-0.8997107,2.1728842
AK0062-C,KIL47,Janet Midega,Kenya,Kilifi,2012,-1,-3.511,39.909,F,AG1000G-KE,v3,0.068,0.003,gamb_colu,gambiae,gambiae,-169.864,73.28698,19.601213,104.182556,-6.7454486,-15.041102,-1.294511,-1.4323028,1.6076015,4.9557014
AK0063-C,KIL1,Janet Midega,Kenya,Kilifi,2012,-1,-3.511,39.909,F,AG1000G-KE,v3,0.099,0.003,gamb_colu,gambiae,gambiae,-171.42088,84.84217,42.308773,181.74478,-4.3827634,-84.22363,-0.060036182,0.6383065,3.1128943,0.40880993
AK0065-C,KIL3,Janet Midega,Kenya,Kilifi,2012,-1,-3.511,39.909,F,AG1000G-KE,v3,0.276,0.005,gamb_colu,intermediate,intermediate_gambiae_coluzzii,-168.55461,-30.50393,-1.5699623,-34.16132,131.2439,147.09108,2.1978567,0.22905672,2.3135788,-7.0389743
AK0067-C,KIL5,Janet Midega,Kenya,Kilifi,2012,-1,-3.511,39.909,F,AG1000G-KE,v3,0.22899999999999998,0.004,gamb_colu,intermediate,intermediate_gambiae_coluzzii,-151.33339,-43.22213,3.1976297,-22.31448,238.24467,61.38322,1.2257164,0.610773,0.096098624,0.052132938
AK0068-C,KIL6,Janet Midega,Kenya,Kilifi,2012,-1,-3.511,39.909,F,AG1000G-KE,v3,0.33,0.004,gamb_colu,intermediate,intermediate_gambiae_coluzzii,-211.91173,-3.2730763,-20.308023,-108.9504,132.08214,-42.244682,-0.38621262,0.30653942,-0.9228934,-0.39556792
AK0069-C,KIL7,Janet Midega,Kenya,Kilifi,2012,-1,-3.511,39.909,F,AG1000G-KE,v3,0.309,0.004,gamb_colu,intermediate,intermediate_gambiae_coluzzii,-175.13765,-52.541386,-6.7480536,-45.91897,317.8573,68.64818,-0.7067893,1.43655,-1.4958684,-0.09905291
AK0070-C,KIL8,Janet Midega,Kenya,Kilifi,2012,-1,-3.511,39.909,F,AG1000G-KE,v3,0.153,0.004,gamb_colu,intermediate,intermediate_gambiae_coluzzii,-162.57732,47.17085,9.287389,22.531242,31.470564,-118.33379,-1.945857,-1.7491226,-3.4603653,3.6445866
AK0071-C,KIL9,Janet Midega,Kenya,Kilifi,2012,-1,-3.511,39.909,F,AG1000G-KE,v3,0.22399999999999998,0.004,gamb_colu,intermediate,intermediate_gambiae_coluzzii,-219.14545,55.538815,-10.445732,-63.886208,-15.937404,-137.17818,-0.67303294,0.9076213,1.4141495,-0.40313828
AK0072-C,KIL10,Janet Midega,Kenya,Kilifi,2012,-1,-3.511,39.909,F,AG1000G-KE,v3,0.34600000000000003,0.003,gamb_colu,intermediate,intermediate_gambiae_coluzzii,-161.304,26.275518,9.655945,-2.1055896,113.824875,-16.569899,0.5113378,-3.9556925,-3.19319,2.281871
AK0073-C,KIL11,Janet Midega,Kenya,Kilifi,2012,-1,-3.511,39.909,F,AG1000G-KE,v3,0.18600000000000003,0.004,gamb_colu,intermediate,intermediate_gambiae_coluzzii,-202.54431,45.035507,-2.1851058,-19.572285,-7.7613206,-137.8954,-1.8005148,2.9182186,0.017419862,0.80946845
AK0076-C,KIL14,Janet Midega,Kenya,Kilifi,2012,-1,-3.511,39.909,F,AG1000G-KE,v3,0.235,0.005,gamb_colu,intermediate,intermediate_gambiae_coluzzii,-210.3388,-16.572691,-28.603004,-140.09099,118.80144,-76.594246,-1.6793647,2.7319841,-1.5015982,0.5323571
AK0077-C,KIL15,Janet Midega,Kenya,Kilifi,2012,-1,-3.511,39.909,F,AG1000G-KE,v3,0.237,0.003,gamb_colu,intermediate,intermediate_gambiae_coluzzii,-153.80777,13.086742,-6.900211,-79.752884,-104.13223,179.64569,2.5054612,1.6723787,-2.2428749,2.334217
AK0078-C,KIL16,Janet Midega,Kenya,Kilifi,2012,-1,-3.511,39.909,F,AG1000G-KE,v3,0.19899999999999998,0.004,gamb_colu,intermediate,intermediate_gambiae_coluzzii,-188.49864,-7.856724,0.88748693,-11.143515,38.320915,75.538895,0.9245853,5.25368,6.117377,-6.1650887
AK0079-C,KIL17,Janet Midega,Kenya,Kilifi,2012,-1,-3.511,39.909,F,AG1000G-KE,v3,0.168,0.005,gamb_colu,intermediate,intermediate_gambiae_coluzzii,-210.02321,-16.23083,-28.520119,-140.2535,118.86479,-76.85995,-1.7501473,2.7101383,-1.6719398,0.40289193
AK0081-C,KIL19,Janet Midega,Kenya,Kilifi,2012,-1,-3.511,39.909,F,AG1000G-KE,v3,0.203,0.003,gamb_colu,intermediate,intermediate_gambiae_coluzzii,-193.78152,39.86745,0.15612814,-19.168386,-29.651857,-126.89921,-1.9887342,2.8331308,0.81132525,0.33478978
AK0082-C,KIL20,Janet Midega,Kenya,Kilifi,2012,-1,-3.511,39.909,F,AG1000G-KE,v3,0.196,0.003,gamb_colu,intermediate,intermediate_gambiae_coluzzii,-178.1999,-16.977049,-15.095845,-78.89576,-62.863956,222.61667,1.7940842,1.6954777,1.4903679,-5.197618
AK0083-C,KIL21,Janet Midega,Kenya,Kilifi,2012,-1,-3.511,39.909,F,AG1000G-KE,v3,0.201,0.004,gamb_colu,intermediate,intermediate_gambiae_coluzzii,-196.33162,-4.3233457,3.1831157,-9.866777,148.02269,19.415873,-0.75543606,1.1740452,0.46679816,-2.2820106
AK0085-C,KIL23,Janet Midega,Kenya,Kilifi,2012,-1,-3.511,39.909,F,AG1000G-KE,v3,0.215,0.005,gamb_colu,intermediate,intermediate_gambiae_coluzzii,-174.02039,38.566055,29.502432,130.43018,132.14049,31.866728,-1.1153883,-3.0762138,-3.2736542,-0.6391725
AK0086-C,KIL24,Janet Midega,Kenya,Kilifi,2012,-1,-3.511,39.909,F,AG1000G-KE,v3,0.138,0.004,gamb_colu,intermediate,intermediate_gambiae_coluzzii,-179.06537,47.004814,19.474262,61.69914,-50.24059,31.137094,-0.082763165,-0.092756756,-1.185588,-2.3010561
AK0087-C,KIL25,Janet Midega,Kenya,Kilifi,2012,-1,-3.511,39.909,F,AG1000G-KE,v3,0.146,0.004,gamb_colu,intermediate,intermediate_gambiae_coluzzii,-170.66014,19.228285,16.306015,79.07104,-40.827812,165.54149,3.9618175,8.987441,8.890398,-5.1543055
AK0088-C,KIL26,Janet Midega,Kenya,Kilifi,2012,-1,-3.511,39.909,F,AG1000G-KE,v3,0.105,0.003,gamb_colu,gambiae,gambiae,-160.22707,61.336094,25.538418,91.803246,-47.436447,14.356399,0.5813653,-0.6327018,-0.24710171,1.5906897
AK0089-C,KIL27,Janet Midega,Kenya,Kilifi,2012,-1,-3.511,39.909,F,AG1000G-KE,v3,0.196,0.005,gamb_colu,intermediate,intermediate_gambiae_coluzzii,-218.67957,42.353485,-21.99614,-96.064926,-84.47838,-163.67163,-1.3871129,3.2952788,0.0012055873,-0.46710014
AK0091-C,KIL29,Janet Midega,Kenya,Kilifi,2012,-1,-3.511,39.909,F,AG1000G-KE,v3,0.163,0.004,gamb_colu,intermediate,intermediate_gambiae_coluzzii,-173.30615,76.726585,25.578814,101.838974,-52.1983,-48.741547,0.9058955,0.6567727,2.3037026,2.0385382
AK0093-C,KIL31,Janet Midega,Kenya,Kilifi,2012,-1,-3.511,39.909,F,AG1000G-KE,v3,0.253,0.004,gamb_colu,intermediate,intermediate_gambiae_coluzzii,-211.2014,51.008163,-23.344328,-126.84035,-98.34722,-104.2706,0.3351017,-0.16570804,-0.4429048,-0.75398993
AK0094-C,KIL32,Janet Midega,Kenya,Kilifi,2012,-1,-3.511,39.909,F,AG1000G-KE,v3,0.182,0.004,gamb_colu,intermediate,intermediate_gambiae_coluzzii,-197.74036,25.83855,-14.128971,-63.44211,-102.955376,191.13301,4.794001,0.20404375,2.8844635,-5.16174
AK0095-C,KIL33,Janet Midega,Kenya,Kilifi,2012,-1,-3.511,39.909,F,AG1000G-KE,v3,0.233,0.003,gamb_colu,intermediate,intermediate_gambiae_coluzzii,-168.67818,47.064625,6.157591,-13.311078,-10.884015,-49.857544,0.9156736,2.3906038,4.840398,2.505852
AK0096-C,KIL56,Janet Midega,Kenya,Kilifi,2012,-1,-3.511,39.909,F,AG1000G-KE,v3,0.299,0.003,gamb_colu,intermediate,intermediate_gambiae_coluzzii,-202.55484,53.06598,2.8474011,5.6007743,-77.48905,-36.628605,0.44302675,1.1733418,2.4351027,-0.57225776
AK0098-C,KIL58,Janet Midega,Kenya,Kilifi,2012,-1,-3.511,39.909,F,AG1000G-KE,v3,0.335,0.004,gamb_colu,intermediate,intermediate_gambiae_coluzzii,-208.65262,49.4869,-11.22993,-68.98506,-104.01221,-37.882458,1.235389,0.3947065,1.7940886,-0.11057006
AK0099-C,KIL59,Janet Midega,Kenya,Kilifi,2012,-1,-3.511,39.909,F,AG1000G-KE,v3,0.115,0.004,gamb_colu,gambiae,gambiae,-181.6874,45.398502,-16.42036,-96.032074,-119.1581,46.154446,-1.3980476,-6.9058347,-9.343245,1.4697787
AK0101-C,KIL61,Janet Midega,Kenya,Kilifi,2012,-1,-3.511,39.909,F,AG1000G-KE,v3,0.165,0.004,gamb_colu,intermediate,intermediate_gambiae_coluzzii,-157.7864,102.47963,66.21446,280.585,-8.490067,-28.10558,-0.96153617,-4.7602615,-1.8989635,-0.7520146
AK0102-C,KIL62,Janet Midega,Kenya,Kilifi,2012,-1,-3.511,39.909,F,AG1000G-KE,v3,0.106,0.004,gamb_colu,gambiae,gambiae,-170.27116,29.90654,21.923763,98.33354,84.308136,86.53709,-0.72986925,-3.3669033,-4.4164047,-3.0485158
AK0104-C,KIL64,Janet Midega,Kenya,Kilifi,2012,-1,-3.511,39.909,F,AG1000G-KE,v3,0.125,0.004,gamb_colu,intermediate,intermediate_gambiae_coluzzii,-170.66791,76.31392,24.135147,61.107544,-34.38204,-87.320175,0.7094688,-2.4632,1.0042274,1.0595167
AK0105-C,KIL65,Janet Midega,Kenya,Kilifi,2012,-1,-3.511,39.909,F,AG1000G-KE,v3,0.242,0.003,gamb_colu,intermediate,intermediate_gambiae_coluzzii,-156.21597,96.91373,57.57414,258.08456,-29.323189,19.833998,0.19713727,-0.69966847,1.786962,1.1554672
AK0106-C,KIL66,Janet Midega,Kenya,Kilifi,2012,-1,-3.511,39.909,F,AG1000G-KE,v3,0.073,0.004,gamb_colu,gambiae,gambiae,-141.56235,72.19589,20.025333,42.794247,-87.98423,71.85217,-0.6326669,-6.0937586,-6.9865313,5.014119
AK0107-C,KIL67,Janet Midega,Kenya,Kilifi,2012,-1,-3.511,39.909,F,AG1000G-KE,v3,0.215,0.004,gamb_colu,intermediate,intermediate_gambiae_coluzzii,-187.29376,68.471,5.109583,-2.0180252,-84.01085,27.417614,0.942796,-3.6882732,-3.5663095,-0.33979127
AK0108-C,KIL68,Janet Midega,Kenya,Kilifi,2012,-1,-3.511,39.909,F,AG1000G-KE,v3,0.129,0.005,gamb_colu,intermediate,intermediate_gambiae_coluzzii,-201.07019,35.330498,-27.136997,-129.04945,-118.64815,5.53964,-1.2191501,-1.8267843,-4.6709795,1.3130648
AK0110-C,KIL70,Janet Midega,Kenya,Kilifi,2012,-1,-3.511,39.909,F,AG1000G-KE,v3,0.182,0.004,gamb_colu,intermediate,intermediate_gambiae_coluzzii,-177.21793,77.238174,42.795647,210.41649,-64.01763,16.11177,-0.5967819,-0.4656746,-1.4143313,-2.1661491
AK0116-C,KIL76,Janet Midega,Kenya,Kilifi,2012,-1,-3.511,39.909,F,AG1000G-KE,v3,0.096,0.004,gamb_colu,gambiae,gambiae,-173.08836,59.548767,21.925106,100.165886,-75.421,88.68885,-1.4451666,-5.952188,-5.4457283,-0.18519169
AK0117-C,KIL77,Janet Midega,Kenya,Kilifi,2012,-1,-3.511,39.909,F,AG1000G-KE,v3,0.252,0.005,gamb_colu,intermediate,intermediate_gambiae_coluzzii,-217.19693,72.87865,-21.15475,-111.585236,-121.84372,-89.07721,1.4569483,-0.6026923,0.0025618728,0.55386245
AK0119-C,KIL79,Janet Midega,Kenya,Kilifi,2012,-1,-3.511,39.909,F,AG1000G-KE,v3,0.25,0.002,gamb_colu,intermediate,intermediate_gambiae_coluzzii,-135.28145,59.226208,18.711065,36.077312,-15.305669,13.910365,-1.358616,-3.1207876,-2.8794703,6.194534
AK0127-C,KIL86b,Janet Midega,Kenya,Kilifi,2012,-1,-3.511,39.909,F,AG1000G-KE,v3,0.13699999999999998,0.004,gamb_colu,intermediate,intermediate_gambiae_coluzzii,-187.59193,-6.3179536,-22.102268,-123.16503,-32.71109,99.9756,1.5489618,3.0640666,3.8686492,-3.3381624
AK0045-Cx,KIL34,Janet Midega,Kenya,Kilifi,2012,-1,-3.511,39.909,F,AG1000G-KE,v3,0.115,0.003,gamb_colu,gambiae,gambiae,-172.35298,58.421284,3.513425,-14.544043,-63.670082,-94.24015,-2.3574178,-4.130469,1.1828259,3.7354853
AK0060-C,KIL51,Janet Midega,Kenya,Kilifi,2012,-1,-3.511,39.909,F,AG1000G-KE,v3,0.223,0.004,gamb_colu,intermediate,intermediate_gambiae_coluzzii,-201.78906,63.540245,9.5575905,26.14096,6.292959,-106.1198,-0.65627307,-1.0655519,0.55044997,-0.11766737
AK0066-Cx,KIL4,Janet Midega,Kenya,Kilifi,2012,-1,-3.511,39.909,F,AG1000G-KE,v3,0.276,0.004,gamb_colu,intermediate,intermediate_gambiae_coluzzii,-169.34654,11.4486065,1.7489508,-36.00693,-19.23317,154.66777,3.3877099,0.07740878,2.5444105,-7.2436967
AK0075-Cx,KIL13,Janet Midega,Kenya,Kilifi,2012,-1,-3.511,39.909,F,AG1000G-KE,v3,0.313,0.003,gamb_colu,intermediate,intermediate_gambiae_coluzzii,-150.25041,13.209524,-5.7084064,-73.24734,-112.75456,200.6324,2.5793583,-0.69095397,-3.8696272,2.724824
AK0090-Cx,KIL28,Janet Midega,Kenya,Kilifi,2012,-1,-3.511,39.909,F,AG1000G-KE,v3,0.127,0.003,gamb_colu,intermediate,intermediate_gambiae_coluzzii,-163.75621,57.072014,44.117638,212.2136,15.37393,-11.889523,-0.18686742,5.7103443,5.612024,1.0171243
AK0092-Cx,KIL30,Janet Midega,Kenya,Kilifi,2012,-1,-3.511,39.909,F,AG1000G-KE,v3,0.193,0.003,gamb_colu,intermediate,intermediate_gambiae_coluzzii,-150.12704,3.008091,31.099024,128.69736,190.15144,6.126709,-0.85534275,1.1369112,2.2875483,2.188708
AK0100-Cx,KIL60,Janet Midega,Kenya,Kilifi,2012,-1,-3.511,39.909,F,AG1000G-KE,v3,0.166,0.004,gamb_colu,intermediate,intermediate_gambiae_coluzzii,-172.56807,14.363096,-15.6743145,-98.8782,-58.76,55.42442,5.4537854,5.70891,9.546853,-1.6244595
AK0103-Cx,KIL63,Janet Midega,Kenya,Kilifi,2012,-1,-3.511,39.909,F,AG1000G-KE,v3,0.19899999999999998,0.004,gamb_colu,intermediate,intermediate_gambiae_coluzzii,-211.10205,63.159103,-27.965094,-127.41642,-126.92816,-34.339108,-0.09565786,-2.044087,-1.4172465,1.4442884
AK0109-Cx,KIL69,Janet Midega,Kenya,Kilifi,2012,-1,-3.511,39.909,F,AG1000G-KE,v3,0.105,0.004,gamb_colu,gambiae,gambiae,-150.96631,9.471287,-7.792102,-79.155106,38.339035,137.26976,-0.33041814,-6.180146,-8.145947,4.755231
AK0177-C,K1,Janet Midega,Kenya,Kilifi,2000,-1,-3.511,39.909,F,AG1000G-KE,v3,0.037000000000000005,0.002,gamb_colu,gambiae,gambiae,121.87094,23.805407,72.96587,-16.865194,-7.9651103,13.261289,1.4662628,-27.675253,9.724941,26.93037
AK0203-C,K247,Janet Midega,Kenya,Kilifi,2000,-1,-3.511,39.909,M,AG1000G-KE,v3,0.036000000000000004,0.002,gamb_colu,gambiae,gambiae,127.22203,23.484533,79.20616,-21.065134,14.729189,0.32410672,-6.6521387,-25.827435,5.097297,16.17225
AK0207-C,K251,Janet Midega,Kenya,Kilifi,2000,-1,-3.511,39.909,M,AG1000G-KE,v3,0.04,0.002,gamb_colu,gambiae,gambiae,133.71564,21.221163,86.19183,-25.387136,-2.864397,-1.9905173,6.2560344,-22.825258,5.9274173,2.5750282
AK0211-C,K259,Janet Midega,Kenya,Kilifi,2000,-1,-3.511,39.909,M,AG1000G-KE,v3,0.038,0.003,gamb_colu,gambiae,gambiae,125.60245,20.822258,78.35746,-12.266311,-6.1606307,-2.177972,11.42231,2.122705,3.3842218,-21.286156
AK0212-C,K264,Janet Midega,Kenya,Kilifi,2000,-1,-3.511,39.909,M,AG1000G-KE,v3,0.044000000000000004,0.002,gamb_colu,gambiae,gambiae,128.83984,25.301569,86.45264,-12.227807,-0.048615146,-0.3600408,-11.121008,37.194736,-6.4939084,-27.399132
AK0213-C,K265,Janet Midega,Kenya,Kilifi,2000,-1,-3.511,39.909,F,AG1000G-KE,v3,0.038,0.002,gamb_colu,gambiae,gambiae,126.053314,19.334045,75.3752,-16.826118,-1.9553782,0.98867565,4.3766356,-28.32238,0.70460296,14.300877
AK0214-C,K266,Janet Midega,Kenya,Kilifi,2000,-1,-3.511,39.909,M,AG1000G-KE,v3,0.044000000000000004,0.003,gamb_colu,gambiae,gambiae,128.89354,26.975338,77.64726,-17.46447,-1.2451051,-1.6547298,-5.2374125,-19.503405,-4.111898,26.94623
AK0215-C,K267,Janet Midega,Kenya,Kilifi,2000,-1,-3.511,39.909,M,AG1000G-KE,v3,0.038,0.003,gamb_colu,gambiae,gambiae,124.791214,21.232494,73.63377,-16.382755,3.4446917,2.617264,3.610793,2.6711292,2.570205,23.140987
AK0226-C,K395,Janet Midega,Kenya,Kilifi,2000,-1,-3.511,39.909,M,AG1000G-KE,v3,0.042,0.003,gamb_colu,gambiae,gambiae,123.47336,21.618486,77.5003,-9.218718,1.1040546,-4.392672,6.9293265,-14.678019,-2.9224908,22.021338
AK0235-C,K422,Janet Midega,Kenya,Kilifi,2000,-1,-3.511,39.909,F,AG1000G-KE,v3,0.04,0.002,gamb_colu,gambiae,gambiae,131.03955,24.526102,82.824585,-18.045147,-1.9494871,-1.7877797,-3.6897235,-28.795492,13.397982,2.9424586
AK0236-C,K424,Janet Midega,Kenya,Kilifi,2000,-1,-3.511,39.909,M,AG1000G-KE,v3,0.028999999999999998,0.003,gamb_colu,gambiae,gambiae,122.06251,25.49579,66.71922,-14.025566,-3.0192187,1.4944013,-8.536823,-63.22501,-2.3690488,54.816326
AK0237-C,K425,Janet Midega,Kenya,Kilifi,2000,-1,-3.511,39.909,F,AG1000G-KE,v3,0.048,0.002,gamb_colu,gambiae,gambiae,124.420815,20.894817,80.401764,-13.852035,-1.1691926,2.1553075,2.4740906,9.770849,-10.942649,-9.145991
AK0238-C,K426,Janet Midega,Kenya,Kilifi,2000,-1,-3.511,39.909,F,AG1000G-KE,v3,0.036000000000000004,0.002,gamb_colu,gambiae,gambiae,125.93609,27.247253,75.97385,-12.513454,5.3183093,0.9888267,7.3541555,-19.720268,5.8758006,11.87887
AK0239-C,K427,Janet Midega,Kenya,Kilifi,2000,-1,-3.511,39.909,F,AG1000G-KE,v3,0.038,0.002,gamb_colu,gambiae,gambiae,129.06812,24.409765,81.64909,-21.436419,-2.9936032,1.3021907,-0.711746,0.06867986,-4.4110994,26.367937
AK0274-C,K585,Janet Midega,Kenya,Kilifi,2000,-1,-3.511,39.909,F,AG1000G-KE,v3,0.044000000000000004,0.002,gamb_colu,gambiae,gambiae,122.639565,25.17444,74.62752,-25.376131,1.0268365,3.2372477,-1.5187136,-2.1439633,4.2392573,7.7773876
AK0278-C,K590,Janet Midega,Kenya,Kilifi,2000,-1,-3.511,39.909,M,AG1000G-KE,v3,0.044000000000000004,0.002,gamb_colu,gambiae,gambiae,125.349075,15.097372,74.76947,-14.652768,-3.6940467,-3.2438037,13.273273,-6.407082,1.2515768,-6.566369
AK0279-C,K626,Janet Midega,Kenya,Kilifi,2000,-1,-3.511,39.909,M,AG1000G-KE,v3,0.027999999999999997,0.003,gamb_colu,gambiae,gambiae,132.97708,22.520494,68.64117,-17.769247,-3.62949,-0.2127514,4.9456763,-52.23748,-5.6195807,51.57233
AK0280-C,K630,Janet Midega,Kenya,Kilifi,2000,-1,-3.511,39.909,F,AG1000G-KE,v3,0.034,0.002,gamb_colu,gambiae,gambiae,133.06635,30.57231,89.213234,-22.267216,3.1488383,-4.2731338,19.320581,-39.51624,11.962971,-27.121492
AK0281-C,K631,Janet Midega,Kenya,Kilifi,2000,-1,-3.511,39.909,M,AG1000G-KE,v3,0.027000000000000003,0.002,gamb_colu,gambiae,gambiae,124.10253,22.43348,73.75922,-13.092914,2.6420116,-2.3480253,-17.770315,-45.443203,-8.3822775,30.511787
BL0046-C,Plate_C_H6,Bilali Kabula,Tanzania,Muleba,2015,6,-1.962,31.651,F,AG1000G-TZ,v3,0.125,0.005,gamb_colu,intermediate,intermediate_gambiae_coluzzii,-17.083073,-336.84125,27.633387,59.398563,-64.1497,-40.00561,-0.31193835,-3.6268065,2.0382154,0.6565618
BL0052-C,Plate_D_1,Bilali Kabula,Tanzania,Muleba,2015,6,-1.962,31.651,M,AG1000G-TZ,v3,0.040999999999999995,0.015,gamb_colu,gambiae,gambiae,108.87249,17.88275,-131.14091,19.669437,9.781806,-4.2329874,-53.856068,-39.39959,6.451602,-84.34245
BL0054-C,Plate_D_B2,Bilali Kabula,Tanzania,Muleba,2015,6,-1.962,31.651,F,AG1000G-TZ,v3,0.033,0.004,gamb_colu,gambiae,gambiae,109.81422,15.223327,-125.24888,12.357423,0.6678733,4.66879,-69.29579,140.2305,257.2411,129.45204
BL0058-C,Plate_D_H7,Bilali Kabula,Tanzania,Muleba,2015,6,-1.962,31.651,F,AG1000G-TZ,v3,0.045,0.017,gamb_colu,gambiae,gambiae,104.41492,16.404558,-150.8896,12.983189,7.04414,0.8162228,-2.823019,-48.334007,-3.4264228,-11.179302
BL0063-C,Plate_D_G8,Bilali Kabula,Tanzania,Muleba,2015,6,-1.962,31.651,F,AG1000G-TZ,v3,0.033,0.008,gamb_colu,gambiae,gambiae,102.67027,16.001375,-168.96336,18.50883,3.2826033,-2.3106909,-37.715057,11.543091,-105.201546,20.223976
BL0065-C,Plate_D_C9,Bilali Kabula,Tanzania,Muleba,2015,6,-1.962,31.651,F,AG1000G-TZ,v3,0.035,0.003,gamb_colu,gambiae,gambiae,107.97017,13.533338,-166.69878,22.060215,-1.9606137,3.4661517,-112.05683,57.67761,126.12728,61.009686
BL0078-C,Plate_B_G7,Bilali Kabula,Tanzania,Muleba,2015,6,-1.962,31.651,F,AG1000G-TZ,v3,0.032,0.004,gamb_colu,gambiae,gambiae,109.53974,17.297297,-143.15582,18.124542,2.0185666,3.4643736,-96.95438,58.465107,170.33853,52.327103
BL0079-C,Plate_B_B8,Bilali Kabula,Tanzania,Muleba,2015,6,-1.962,31.651,F,AG1000G-TZ,v3,0.038,0.019,gamb_colu,gambiae,gambiae,112.10631,18.531294,-137.72829,22.672121,2.3024287,-4.9360414,180.0805,24.28881,-45.95226,41.981144
BL0100-C,Plate_A_A1,Bilali Kabula,Tanzania,Muleba,2015,3,-1.962,31.651,M,AG1000G-TZ,v3,0.035,0.012,gamb_colu,gambiae,gambiae,107.69231,13.482327,-151.9757,17.768475,-0.8845352,-1.015963,64.925735,42.385815,102.44061,15.360885
BL0101-C,Plate_A_A2,Bilali Kabula,Tanzania,Muleba,2015,3,-1.962,31.651,F,AG1000G-TZ,v3,0.036000000000000004,0.003,gamb_colu,gambiae,gambiae,106.73489,14.8674345,-141.69664,12.514279,-1.6351358,-2.4117143,-85.4654,99.423584,99.97825,83.635704
BL0102-C,Plate_A_B2,Bilali Kabula,Tanzania,Muleba,2015,3,-1.962,31.651,F,AG1000G-TZ,v3,0.027999999999999997,0.002,gamb_colu,gambiae,gambiae,109.66852,15.892263,-138.83925,14.623534,3.9056053,5.8483906,-47.061474,-14.497948,-89.98994,2.3519704
BL0103-C,Plate_A_E2,Bilali Kabula,Tanzania,Muleba,2015,3,-1.962,31.651,F,AG1000G-TZ,v3,0.024,0.003,gamb_colu,gambiae,gambiae,108.669975,14.314334,-145.38567,13.224173,1.090896,-0.4751323,18.018501,-144.99709,83.90709,-243.73248
BL0105-C,Plate_A_A3,Bilali Kabula,Tanzania,Muleba,2015,3,-1.962,31.651,M,AG1000G-TZ,v3,0.052000000000000005,0.012,gamb_colu,gambiae,gambiae,107.75865,14.429863,-148.88022,18.46176,-4.4721594,-2.9260793,41.109074,26.25885,-31.373158,1.1479055
BL0106-C,Plate_A_B3,Bilali Kabula,Tanzania,Muleba,2015,3,-1.962,31.651,M,AG1000G-TZ,v3,0.037000000000000005,0.013000000000000001,gamb_colu,gambiae,gambiae,107.46094,17.220264,-159.58853,19.198822,5.456368,-5.1694684,138.19814,-0.19151033,25.796133,-20.383198
BL0107-C,Plate_A_C3,Bilali Kabula,Tanzania,Muleba,2015,3,-1.962,31.651,M,AG1000G-TZ,v3,0.043,0.013000000000000001,gamb_colu,gambiae,gambiae,105.870285,13.159323,-146.44191,20.397285,-0.37177122,-5.8394036,-74.02617,-43.458004,-50.063473,15.968046
BL0108-C,Plate_A_D3,Bilali Kabula,Tanzania,Muleba,2015,3,-1.962,31.651,M,AG1000G-TZ,v3,0.031,0.011000000000000001,gamb_colu,gambiae,gambiae,109.121735,17.835499,-146.38914,18.186695,0.32060784,-2.8981035,13.071256,-105.17435,63.17118,-189.0346
BL0109-C,Plate_A_E3,Bilali Kabula,Tanzania,Muleba,2015,3,-1.962,31.651,M,AG1000G-TZ,v3,0.042,0.01,gamb_colu,gambiae,gambiae,108.27777,15.481366,-155.79243,20.301683,9.580337,-3.9962344,26.636478,-15.341387,-48.893818,27.801348
BL0110-C,Plate_A_F3,Bilali Kabula,Tanzania,Muleba,2015,3,-1.962,31.651,M,AG1000G-TZ,v3,0.08199999999999999,0.015,gamb_colu,gambiae,gambiae,106.93953,13.254201,-126.38278,9.961165,-2.647021,1.5479888,-33.93304,14.040562,45.83061,22.744614
BL0111-C,Plate_A_G3,Bilali Kabula,Tanzania,Muleba,2015,3,-1.962,31.651,M,AG1000G-TZ,v3,0.046,0.008,gamb_colu,gambiae,gambiae,113.69394,14.918881,-129.73764,20.161903,2.9757729,-0.68705195,-94.34459,-48.43531,-143.93456,-11.832608
BL0112-C,Plate_A_H3,Bilali Kabula,Tanzania,Muleba,2015,3,-1.962,31.651,M,AG1000G-TZ,v3,0.045,0.01,gamb_colu,gambiae,gambiae,114.04178,15.013433,-143.88794,13.345213,1.324951,7.824997,-122.39178,-41.470917,-63.851418,31.233702
BL0114-C,Plate_B_D11,Bilali Kabula,Tanzania,Muleba,2015,6,-1.962,31.651,F,AG1000G-TZ,v3,0.028999999999999998,0.004,gamb_colu,gambiae,gambiae,111.87774,22.17171,-136.27017,11.692644,-1.132233,-7.1956077,93.111916,-103.07212,81.54517,-164.32489
BL0115-C,Plate_B_H11,Bilali Kabula,Tanzania,Muleba,2015,6,-1.962,31.651,F,AG1000G-TZ,v3,0.033,0.005,gamb_colu,gambiae,gambiae,107.364624,11.249807,-145.64294,15.976199,5.308382,1.2466784,31.789364,-52.273834,73.93653,-138.81744
BL0116-C,Plate_B_A12,Bilali Kabula,Tanzania,Muleba,2015,6,-1.962,31.651,F,AG1000G-TZ,v3,0.027000000000000003,0.003,gamb_colu,gambiae,gambiae,112.16348,14.414883,-168.27492,19.226189,5.8859134,-3.3034265,306.48798,57.82551,-53.071938,60.062798
BL0117-C,Plate_B_E12,Bilali Kabula,Tanzania,Muleba,2015,6,-1.962,31.651,F,AG1000G-TZ,v3,0.028999999999999998,0.003,gamb_colu,gambiae,gambiae,109.41829,17.003136,-135.69493,14.736154,1.9799947,-4.8649354,38.543457,-2.2388382,70.8732,25.155031
BL0119-C,Plate_E_B11,Bilali Kabula,Tanzania,Muleba,2015,6,-1.962,31.651,F,AG1000G-TZ,v3,0.033,0.006,gamb_colu,gambiae,gambiae,105.390396,17.047318,-151.57036,17.14114,1.0529021,3.1223009,120.70913,59.315586,-57.461784,85.47414
BL0120-C,Plate_E_C11,Bilali Kabula,Tanzania,Muleba,2015,6,-1.962,31.651,F,AG1000G-TZ,v3,0.032,0.006,gamb_colu,gambiae,gambiae,109.65894,17.840115,-134.64685,10.247343,-2.319259,3.7430086,-53.34555,-43.778835,-39.353966,-23.028202
BL0121-C,Plate_E_D11,Bilali Kabula,Tanzania,Muleba,2015,6,-1.962,31.651,F,AG1000G-TZ,v3,0.032,0.006,gamb_colu,gambiae,gambiae,110.088394,17.365387,-154.23271,9.783175,4.942337,-1.5243732,-94.558,102.14319,98.09249,51.38188
BL0124-C,Plate_E_A12,Bilali Kabula,Tanzania,Muleba,2015,6,-1.962,31.651,F,AG1000G-TZ,v3,0.035,0.004,gamb_colu,gambiae,gambiae,106.09041,11.005255,-171.40256,23.13954,-5.3210673,-6.4830117,-133.85141,38.562267,-237.12401,21.228273
BL0125-C,Plate_E_B12,Bilali Kabula,Tanzania,Muleba,2015,6,-1.962,31.651,F,AG1000G-TZ,v3,0.037000000000000005,0.004,gamb_colu,gambiae,gambiae,112.060234,14.315967,-155.71587,21.212694,-1.3588237,-2.2878256,231.18843,69.73689,-100.710075,96.37414
BL0128-C,Plate_F_B12,Bilali Kabula,Tanzania,Muleba,2015,3,-1.962,31.651,F,AG1000G-TZ,v3,0.023,0.005,gamb_colu,gambiae,gambiae,107.740295,14.861745,-171.19463,21.541838,-4.5295324,-2.8153925,-169.47583,-39.12114,-153.93298,-30.973095
BL0137-C,Plate_E_A6,Bilali Kabula,Tanzania,Muleba,2015,6,-1.962,31.651,F,AG1000G-TZ,v3,0.03,0.005,gamb_colu,gambiae,gambiae,114.74162,11.891698,-104.289894,10.858117,-0.8825709,-0.14731646,21.941628,-11.906816,5.7178755,-12.371561
BL0138-C,Plate_E_B8,Bilali Kabula,Tanzania,Muleba,2015,6,-1.962,31.651,F,AG1000G-TZ,v3,0.035,0.005,gamb_colu,gambiae,gambiae,110.61717,16.39755,-101.32009,4.93079,7.4703603,6.2702713,-28.225254,45.55732,5.6162043,13.648808
BL0142-C,Plate_E_B10,Bilali Kabula,Tanzania,Muleba,2015,6,-1.962,31.651,F,AG1000G-TZ,v3,0.027000000000000003,0.003,gamb_colu,gambiae,gambiae,114.18807,13.553773,-151.81348,17.875431,-0.56653357,-1.7916324,-41.95861,-48.26494,-30.710022,17.153282
BL0346-C,M_1,David Weetman,Tanzania,Muheza,2013,1,-4.94,38.948,F,AG1000G-TZ,v3,0.038,0.002,gamb_colu,gambiae,gambiae,127.151245,29.151037,80.46028,-10.724108,5.180009,-5.7337213,12.725078,-23.039946,5.3141413,-2.953633
BL0347-C,M_2,David Weetman,Tanzania,Muheza,2013,1,-4.94,38.948,F,AG1000G-TZ,v3,0.052000000000000005,0.003,gamb_colu,gambiae,gambiae,121.34218,17.544903,79.50726,-17.87742,6.5050464,7.554918,1.5340017,97.59644,-11.032897,-56.397945
BL0348-C,M_3,David Weetman,Tanzania,Muheza,2013,1,-4.94,38.948,F,AG1000G-TZ,v3,0.049,0.002,gamb_colu,gambiae,gambiae,134.59984,25.398918,88.712906,-30.564949,9.045836,-1.2606063,-6.329973,12.894916,-15.001403,26.637646
BL0350-C,M_5,David Weetman,Tanzania,Muheza,2013,1,-4.94,38.948,F,AG1000G-TZ,v3,0.028999999999999998,0.005,gamb_colu,gambiae,gambiae,130.28384,20.66379,97.97817,-18.055796,4.4169855,-3.2606084,-0.6249323,-2.1564064,-16.449244,18.502531
BL0351-C,M_6,David Weetman,Tanzania,Muheza,2013,1,-4.94,38.948,F,AG1000G-TZ,v3,0.027000000000000003,0.002,gamb_colu,gambiae,gambiae,126.92961,19.80644,81.2617,-16.37416,5.896511,-4.692172,-4.7599893,-37.435863,25.148449,19.55603
BL0352-C,M_7,David Weetman,Tanzania,Muheza,2013,1,-4.94,38.948,F,AG1000G-TZ,v3,0.156,0.005,gamb_colu,intermediate,intermediate_gambiae_coluzzii,-35.096027,-317.55865,15.993514,15.962895,-41.788307,-17.326803,3.0885508,5.782897,1.8416733,-4.1736603
BL0353-C,M_8,David Weetman,Tanzania,Muheza,2013,1,-4.94,38.948,F,AG1000G-TZ,v3,0.037000000000000005,0.003,gamb_colu,gambiae,gambiae,130.02473,22.004642,81.88584,-17.458885,2.1617064,-0.8866486,0.85996395,-44.266113,2.0867612,41.969612
BL0354-C,M_9,David Weetman,Tanzania,Muheza,2013,1,-4.94,38.948,F,AG1000G-TZ,v3,0.039,0.005,gamb_colu,gambiae,gambiae,128.31859,23.043034,89.63254,-18.68779,-0.83607745,-2.250219,-21.708868,231.47415,-59.322784,-131.595
BL0356-C,M_11,David Weetman,Tanzania,Muheza,2013,1,-4.94,38.948,F,AG1000G-TZ,v3,0.04,0.005,gamb_colu,gambiae,gambiae,127.78853,18.132166,89.4717,-20.227312,3.0220318,3.118161,-8.310665,-62.877914,2.556865,56.364338
BL0357-C,M_12,David Weetman,Tanzania,Muheza,2013,1,-4.94,38.948,F,AG1000G-TZ,v3,0.073,0.01,gamb_colu,gambiae,gambiae,-31.21578,-325.63013,17.123606,44.1451,-22.136316,39.43674,-4.6185465,0.4177015,-9.196068,5.2406526
BL0358-C,M_13,David Weetman,Tanzania,Muheza,2013,1,-4.94,38.948,F,AG1000G-TZ,v3,0.136,0.023,gamb_colu,intermediate,intermediate_gambiae_coluzzii,-28.989313,-291.812,14.015797,17.834671,-33.19224,-35.18806,0.49753365,2.2529197,2.6479871,-6.077391
BL0359-C,M_14,David Weetman,Tanzania,Muheza,2013,1,-4.94,38.948,F,AG1000G-TZ,v3,0.042,0.003,gamb_colu,gambiae,gambiae,130.53267,24.874134,93.34211,-17.601307,-0.2280819,-7.694837,-3.8474715,169.72313,-30.207079,-141.52817
BL0360-C,M_15,David Weetman,Tanzania,Muheza,2013,1,-4.94,38.948,F,AG1000G-TZ,v3,0.15,0.006,gamb_colu,intermediate,intermediate_gambiae_coluzzii,-49.93423,-334.32864,7.8677015,15.785879,-34.569374,-21.525269,4.543999,0.8203987,7.936554,-2.3101861
BL0361-C,M_16,David Weetman,Tanzania,Muheza,2013,1,-4.94,38.948,F,AG1000G-TZ,v3,0.043,0.005,gamb_colu,gambiae,gambiae,128.14793,18.746218,76.57963,-15.736227,0.8084383,-4.640071,-6.444535,-33.19298,-5.8839674,30.301693
BL0362-C,M_17,David Weetman,Tanzania,Muheza,2013,1,-4.94,38.948,F,AG1000G-TZ,v3,0.044000000000000004,0.004,gamb_colu,gambiae,gambiae,134.22008,27.527584,89.98995,-24.43375,8.596463,-3.9023793,20.126543,-17.137812,21.565943,-84.17705
BL0363-C,M_18,David Weetman,Tanzania,Muheza,2013,1,-4.94,38.948,F,AG1000G-TZ,v3,0.052000000000000005,0.005,gamb_colu,gambiae,gambiae,130.68704,27.082655,82.867775,-19.156267,-6.6940002,-0.803355,12.292388,12.874079,24.369623,-27.408546
BL0365-C,M_20,David Weetman,Tanzania,Muheza,2013,1,-4.94,38.948,F,AG1000G-TZ,v3,0.16699999999999998,0.01,gamb_colu,intermediate,intermediate_gambiae_coluzzii,-15.695863,-341.43646,24.67127,53.523273,-85.19856,-75.83391,4.783993,-3.258311,10.953918,-3.7507818
BL0366-C,M_21,David Weetman,Tanzania,Muheza,2013,1,-4.94,38.948,F,AG1000G-TZ,v3,0.10300000000000001,0.018000000000000002,gamb_colu,gambiae,gambiae,-41.182343,-319.72452,13.846841,31.571915,-12.321799,35.202698,-3.25011,1.769067,-11.012513,4.5986567
BL0367-C,M_22,David Weetman,Tanzania,Muheza,2013,1,-4.94,38.948,F,AG1000G-TZ,v3,0.153,0.006,gamb_colu,intermediate,intermediate_gambiae_coluzzii,-22.461615,-322.3807,25.585564,38.747993,-26.493315,-66.96978,3.5150323,-5.4170885,8.114716,0.018983278
BL0368-C,M_23,David Weetman,Tanzania,Muheza,2013,1,-4.94,38.948,F,AG1000G-TZ,v3,0.035,0.002,gamb_colu,gambiae,gambiae,129.21013,27.371834,87.29129,-27.662663,13.834649,2.0005574,5.196904,-73.915794,-14.576196,76.07309
BL0370-C,M_25,David Weetman,Tanzania,Muheza,2013,1,-4.94,38.948,F,AG1000G-TZ,v3,0.096,0.005,gamb_colu,gambiae,gambiae,-31.168945,-320.33038,23.295551,34.61731,1.0171906,33.23796,-5.2670736,0.102065295,-12.408125,6.808646
BL0371-C,M_26,David Weetman,Tanzania,Muheza,2013,1,-4.94,38.948,F,AG1000G-TZ,v3,0.044000000000000004,0.006,gamb_colu,gambiae,gambiae,134.94962,28.242775,85.27421,-29.739317,0.76352274,2.1805677,-12.966407,-23.964012,-22.879902,72.31491
BL0372-C,M_27,David Weetman,Tanzania,Muheza,2013,1,-4.94,38.948,F,AG1000G-TZ,v3,0.035,0.005,gamb_colu,gambiae,gambiae,131.85905,29.99771,79.56567,-22.68338,1.8124216,-2.9426389,1.4313582,-38.06553,-2.9148905,62.190998
BL0375-C,M_30,David Weetman,Tanzania,Muheza,2013,1,-4.94,38.948,F,AG1000G-TZ,v3,0.033,0.003,gamb_colu,gambiae,gambiae,130.61732,25.951324,83.93825,-17.814783,-2.716979,-1.5526412,6.0402584,-11.408554,32.833065,-6.8707867
BL0376-C,M_31,David Weetman,Tanzania,Muheza,2013,1,-4.94,38.948,F,AG1000G-TZ,v3,0.038,0.004,gamb_colu,gambiae,gambiae,129.51562,24.39345,89.34476,-21.180233,9.082545,-1.816897,4.8760285,49.5073,11.432381,-91.486694
BL0377-C,M_32,David Weetman,Tanzania,Muheza,2013,1,-4.94,38.948,F,AG1000G-TZ,v3,0.037000000000000005,0.002,gamb_colu,gambiae,gambiae,123.503365,23.882908,73.07948,-8.005216,-0.6674585,-4.831607,-1.2257669,-8.393219,12.900076,13.668836
BL0378-C,M_33,David Weetman,Tanzania,Muheza,2013,1,-4.94,38.948,F,AG1000G-TZ,v3,0.034,0.003,gamb_colu,gambiae,gambiae,124.14909,29.438417,81.495865,-3.4781003,-1.7294203,-4.7796965,15.719131,23.625504,4.949865,-22.144367
BL0379-C,M_34,David Weetman,Tanzania,Muheza,2013,1,-4.94,38.948,F,AG1000G-TZ,v3,0.036000000000000004,0.004,gamb_colu,gambiae,gambiae,129.93883,27.617235,87.20319,-19.07263,0.91925555,-1.3795958,8.692703,-47.19945,-11.799594,69.28146
BL0380-C,M_35,David Weetman,Tanzania,Muheza,2013,1,-4.94,38.948,F,AG1000G-TZ,v3,0.045,0.002,gamb_colu,gambiae,gambiae,130.01846,25.673807,95.20929,-23.870815,13.941441,-2.7346408,2.2618113,-35.135242,-19.04504,36.56633
BL0381-C,M_36,David Weetman,Tanzania,Muheza,2013,1,-4.94,38.948,F,AG1000G-TZ,v3,0.051,0.002,gamb_colu,gambiae,gambiae,129.55907,26.28299,90.55297,-21.445261,-0.14054653,1.358817,-8.563313,22.215036,9.411866,-43.665607
BL0382-C,M_37,David Weetman,Tanzania,Muheza,2013,1,-4.94,38.948,F,AG1000G-TZ,v3,0.037000000000000005,0.002,gamb_colu,gambiae,gambiae,126.580956,29.048763,90.31784,-13.019438,-4.8997626,-1.8170083,-14.405501,73.26637,-28.496082,-1.8033246
BL0383-C,M_38,David Weetman,Tanzania,Muheza,2013,1,-4.94,38.948,F,AG1000G-TZ,v3,0.048,0.004,gamb_colu,gambiae,gambiae,126.11097,29.5804,77.05726,-17.235514,-4.2228746,1.7644008,8.891241,-46.950203,24.143234,12.838029
BL0384-C,M_39,David Weetman,Tanzania,Muheza,2013,1,-4.94,38.948,F,AG1000G-TZ,v3,0.09,0.005,gamb_colu,gambiae,gambiae,-50.256943,-284.63437,6.419606,0.04247021,10.083039,20.758837,1.6153003,1.8217311,1.4627489,-4.2480993
BL0385-C,M_40,David Weetman,Tanzania,Muheza,2013,1,-4.94,38.948,F,AG1000G-TZ,v3,0.034,0.002,gamb_colu,gambiae,gambiae,123.987076,19.930502,73.27543,-17.169611,5.415912,2.8993347,-9.043965,-11.649449,29.604326,16.553093
BL0386-C,M_41,David Weetman,Tanzania,Muheza,2013,1,-4.94,38.948,F,AG1000G-TZ,v3,0.031,0.004,gamb_colu,gambiae,gambiae,130.08907,24.202248,85.50288,-20.940016,1.1447654,-8.338983,15.354476,25.474073,5.601715,-82.603615
BL0387-C,M_42,David Weetman,Tanzania,Muheza,2013,1,-4.94,38.948,F,AG1000G-TZ,v3,0.037000000000000005,0.003,gamb_colu,gambiae,gambiae,123.69749,20.537474,86.89363,-19.928215,3.6705618,-5.281374,-5.8317585,-20.581833,0.47117823,26.564642
BL0388-C,M_43,David Weetman,Tanzania,Muheza,2013,1,-4.94,38.948,F,AG1000G-TZ,v3,0.040999999999999995,0.004,gamb_colu,gambiae,gambiae,131.68799,25.07525,72.69806,-22.934385,0.32482052,6.6345687,3.7316272,-67.281364,22.915514,29.815762
BL0389-C,M_44,David Weetman,Tanzania,Muheza,2013,1,-4.94,38.948,F,AG1000G-TZ,v3,0.048,0.006,gamb_colu,gambiae,gambiae,131.03519,21.407387,86.40234,-16.354746,1.757139,-0.8416171,-9.023706,28.95947,-22.33546,20.139856
BL0391-C,M_46,David Weetman,Tanzania,Muheza,2013,1,-4.94,38.948,F,AG1000G-TZ,v3,0.048,0.002,gamb_colu,gambiae,gambiae,129.40302,30.82846,101.34424,-16.11674,-1.4120414,-1.3336775,-20.222383,263.0488,-72.93491,-142.7262
BL0392-C,M_47,David Weetman,Tanzania,Muheza,2013,1,-4.94,38.948,F,AG1000G-TZ,v3,0.036000000000000004,0.002,gamb_colu,gambiae,gambiae,131.62085,26.617903,83.213974,-16.54476,3.0328953,-0.63994014,9.985546,-55.318413,20.12106,-10.024632
BL0393-C,M_48,David Weetman,Tanzania,Muheza,2013,1,-4.94,38.948,F,AG1000G-TZ,v3,0.040999999999999995,0.006,gamb_colu,gambiae,gambiae,121.62757,24.535023,73.705215,-10.404386,2.1744485,2.5171406,-7.1738887,-39.86441,1.2828912,39.06793
BL0394-C,M_49,David Weetman,Tanzania,Muheza,2013,1,-4.94,38.948,F,AG1000G-TZ,v3,0.128,0.004,gamb_colu,intermediate,intermediate_gambiae_coluzzii,-14.628721,-337.6171,25.489395,49.37459,-61.427902,-58.72914,-0.9916852,-6.1509047,-1.9603614,3.6855464
