,sample_id,partner_sample_id,contributor,country,location,year,month,latitude,longitude,sex_call,sample_set,release,aim_fraction_colu,aim_fraction_arab,species_gambcolu_arabiensis,species_gambiae_coluzzii,species,PC1,PC2,PC3,PC4,PC5,PC6,PC7,PC8,PC9,PC10
1862,AK0041-C,KIL52,Janet Midega,Kenya,Kilifi,2012,-1,-3.511,39.909,F,AG1000G-KE,v3,0.451,0.742,arabiensis,,arabiensis,-26.763618,52.282665,43.6637,-0.8938962,0.94706833,4.4912205,-12.5175905,13.4459095,-6.5943947,-6.757508
1863,AK0042-C,KIL53,Janet Midega,Kenya,Kilifi,2012,-1,-3.511,39.909,F,AG1000G-KE,v3,0.45299999999999996,0.742,arabiensis,,arabiensis,-28.428982,68.96823,115.909225,-69.338776,31.971497,23.473234,-1.2321172,1.2629514,-15.849291,58.68931
1864,AK0043-C,KIL54,Janet Midega,Kenya,Kilifi,2012,-1,-3.511,39.909,F,AG1000G-KE,v3,0.45399999999999996,0.7440000000000001,arabiensis,,arabiensis,-27.099585,62.57678,69.801865,-22.588474,-9.996063,17.414389,0.16165532,17.479057,0.59288615,23.132435
1865,AK0044-C,KIL55,Janet Midega,Kenya,Kilifi,2012,-1,-3.511,39.909,F,AG1000G-KE,v3,0.45399999999999996,0.743,arabiensis,,arabiensis,-31.264202,52.37207,57.486923,-25.678106,6.429753,7.1149483,5.7077875,-50.436695,-25.244839,10.322835
1866,AK0046-C,KIL35,Janet Midega,Kenya,Kilifi,2012,-1,-3.511,39.909,F,AG1000G-KE,v3,0.45799999999999996,0.745,arabiensis,,arabiensis,-25.32963,44.74783,42.32687,-26.203882,-1.4548905,5.0758295,7.1655884,-23.858644,-11.480224,3.540259
1867,AK0047-C,KIL36,Janet Midega,Kenya,Kilifi,2012,-1,-3.511,39.909,F,AG1000G-KE,v3,0.45299999999999996,0.7440000000000001,arabiensis,,arabiensis,-24.860352,46.362297,28.005785,-19.01324,9.084628,-0.5003017,3.282535,-10.379593,-11.833999,1.0502561
1872,AK0054-C,KIL43,Janet Midega,Kenya,Kilifi,2012,-1,-3.511,39.909,F,AG1000G-KE,v3,0.456,0.733,arabiensis,,arabiensis,-25.627079,45.100002,47.692677,18.929358,-2.2315607,-8.543492,-0.16333978,23.53252,-9.194354,-11.204451
1873,AK0055-C,KIL44,Janet Midega,Kenya,Kilifi,2012,-1,-3.511,39.909,F,AG1000G-KE,v3,0.45799999999999996,0.7440000000000001,arabiensis,,arabiensis,-25.528849,39.24555,40.257095,-18.08938,2.4560227,-4.6927543,-8.592911,5.1264467,1.1577584,0.27453694
1874,AK0056-C,KIL46,Janet Midega,Kenya,Kilifi,2012,-1,-3.511,39.909,F,AG1000G-KE,v3,0.455,0.738,arabiensis,,arabiensis,-26.7661,39.02514,25.352798,16.161924,-19.845621,28.82004,-11.171178,-17.368109,4.78695,1.9622194
1917,AK0057-Cx,KIL48,Janet Midega,Kenya,Kilifi,2012,-1,-3.511,39.909,F,AG1000G-KE,v3,0.46,0.748,arabiensis,,arabiensis,-25.353718,51.316822,42.025845,-14.507855,5.4985833,1.050723,3.8267376,-18.318363,-12.574491,0.323552
1945,AK0284-C,GF989,Janet Midega,Kenya,Kilifi,2007,-1,-3.511,39.909,F,AG1000G-KE,v3,0.465,0.614,arabiensis,,arabiensis,-21.924639,44.702396,58.769203,26.452381,-2.0686696,-14.369373,2.6689553,22.850847,-21.99218,-16.563734
1946,AK0298-C,GF1013,Janet Midega,Kenya,Kilifi,2007,-1,-3.511,39.909,F,AG1000G-KE,v3,0.457,0.722,arabiensis,,arabiensis,-21.689608,56.795044,45.191845,4.540003,-16.11574,-1.9185379,11.419732,-10.006446,1.536233,6.041193
1947,AK0299-C,GF1014,Janet Midega,Kenya,Kilifi,2007,-1,-3.511,39.909,F,AG1000G-KE,v3,0.46,0.6609999999999999,arabiensis,,arabiensis,-25.2433,41.822308,20.26675,19.966427,2.6503925,6.8915396,6.3288,-3.6723325,-8.655618,-5.9893312
2079,AZ0152-C,ME234D,Martin Donnelly,Malawi,Chikhwawa,2015,5,-15.933,34.755,F,AG1000G-MW,v3,0.455,0.747,arabiensis,,arabiensis,168.4941,1.5552912,7.9618845,3.645743,21.670715,-90.451004,52.04061,-51.42277,111.720665,48.946842
2080,AZ0153-C,ME234E,Martin Donnelly,Malawi,Chikhwawa,2015,5,-15.933,34.755,F,AG1000G-MW,v3,0.457,0.75,arabiensis,,arabiensis,145.58034,5.751944,15.538698,0.79264534,12.445184,-15.823381,15.997159,-5.910605,-13.357054,36.391884
2081,AZ0155-C,ME234G,Martin Donnelly,Malawi,Chikhwawa,2015,5,-15.933,34.755,F,AG1000G-MW,v3,0.45799999999999996,0.7509999999999999,arabiensis,,arabiensis,144.65642,7.3376927,0.44097587,12.989813,-3.0433617,3.4023938,-41.93111,32.56828,-63.35396,12.005638
2082,AZ0156-C,ME234H,Martin Donnelly,Malawi,Chikhwawa,2015,5,-15.933,34.755,F,AG1000G-MW,v3,0.457,0.748,arabiensis,,arabiensis,154.02574,-1.2895051,-2.0720172,-4.422857,28.891129,28.362051,-63.120182,60.012398,-146.26851,57.963493
2083,AZ0157-C,ME234J,Martin Donnelly,Malawi,Chikhwawa,2015,5,-15.933,34.755,F,AG1000G-MW,v3,0.45799999999999996,0.75,arabiensis,,arabiensis,149.96002,0.5785007,1.6517214,-26.875528,0.66881496,-31.767193,-10.966035,-12.17216,-35.057243,20.856531
2084,AZ0158-C,ME234K,Martin Donnelly,Malawi,Chikhwawa,2015,5,-15.933,34.755,F,AG1000G-MW,v3,0.45299999999999996,0.7490000000000001,arabiensis,,arabiensis,154.51561,8.0989,4.8333583,-4.78714,17.068857,-48.76925,-25.019081,-27.718285,62.147778,-5.3189793
2085,AZ0159-C,ME234O,Martin Donnelly,Malawi,Chikhwawa,2015,5,-15.933,34.755,F,AG1000G-MW,v3,0.456,0.75,arabiensis,,arabiensis,156.73918,6.153099,5.6318445,-7.933993,15.212507,37.07049,91.84601,26.876173,36.55424,-9.621094
2086,AZ0160-C,ME234P,Martin Donnelly,Malawi,Chikhwawa,2015,5,-15.933,34.755,F,AG1000G-MW,v3,0.462,0.7490000000000001,arabiensis,,arabiensis,159.79716,-2.5722349,2.1874566,-10.782122,9.964795,50.90293,58.352886,20.340448,-83.49452,-16.351286
2087,AZ0161-C,ME234R,Martin Donnelly,Malawi,Chikhwawa,2015,5,-15.933,34.755,F,AG1000G-MW,v3,0.45899999999999996,0.75,arabiensis,,arabiensis,154.89903,11.418152,12.584414,-0.3455072,28.808136,40.207363,99.08447,19.905796,-35.82293,32.08895
2088,AZ0164-C,ME234X,Martin Donnelly,Malawi,Chikhwawa,2015,5,-15.933,34.755,F,AG1000G-MW,v3,0.45799999999999996,0.75,arabiensis,,arabiensis,156.76778,2.4537365,11.67203,-4.548906,-2.8333805,-59.6983,65.00373,-57.180756,66.4559,12.944302
2089,AZ0165-C,ME234Z,Martin Donnelly,Malawi,Chikhwawa,2015,5,-15.933,34.755,F,AG1000G-MW,v3,0.45799999999999996,0.7509999999999999,arabiensis,,arabiensis,152.99522,2.0856798,10.149647,14.229005,-27.930882,44.79802,55.062614,-30.604315,21.312872,3.7116668
2090,AZ0166-C,ME2352,Martin Donnelly,Malawi,Chikhwawa,2015,5,-15.933,34.755,F,AG1000G-MW,v3,0.45899999999999996,0.7509999999999999,arabiensis,,arabiensis,147.33287,5.5334325,-9.124092,-10.2716675,14.541536,-10.517972,108.53614,-3.657043,-50.630817,92.90099
2091,AZ0167-C,ME2355,Martin Donnelly,Malawi,Chikhwawa,2015,5,-15.933,34.755,F,AG1000G-MW,v3,0.455,0.7490000000000001,arabiensis,,arabiensis,149.1521,3.6149344,10.934528,21.90398,-7.0048904,-84.20626,-16.149736,-30.526358,90.81496,-1.3496677
2092,AZ0168-C,ME2356,Martin Donnelly,Malawi,Chikhwawa,2015,5,-15.933,34.755,F,AG1000G-MW,v3,0.45899999999999996,0.75,arabiensis,,arabiensis,153.59595,-0.2102553,-20.21237,-18.045046,32.227554,41.92874,-85.33692,7.040123,-86.07706,9.796372
2093,AZ0170-C,ME235A,Martin Donnelly,Malawi,Chikhwawa,2015,5,-15.933,34.755,F,AG1000G-MW,v3,0.456,0.7509999999999999,arabiensis,,arabiensis,151.74474,2.5193477,10.809573,19.058966,-14.419249,-32.9117,-23.439825,-58.01412,62.44122,8.85264
2094,AZ0172-C,ME235C,Martin Donnelly,Malawi,Chikhwawa,2015,5,-15.933,34.755,F,AG1000G-MW,v3,0.457,0.75,arabiensis,,arabiensis,161.09549,6.1454277,7.3392997,-25.94606,12.840361,22.62339,73.60632,32.485287,3.9280057,25.676098
2095,AZ0174-C,ME235L,Martin Donnelly,Malawi,Chikhwawa,2015,5,-15.933,34.755,F,AG1000G-MW,v3,0.46,0.7490000000000001,arabiensis,,arabiensis,156.35756,2.8763232,-7.8365912,8.043561,-7.818716,-56.40617,-27.273197,-18.165575,41.24277,-56.125206
2096,AZ0175-C,ME235M,Martin Donnelly,Malawi,Chikhwawa,2015,5,-15.933,34.755,F,AG1000G-MW,v3,0.455,0.752,arabiensis,,arabiensis,138.35674,0.36947513,-7.7409453,-6.9768195,-17.42923,0.69172424,-55.596397,23.216223,18.446648,-76.28597
2097,AZ0176-C,ME235N,Martin Donnelly,Malawi,Chikhwawa,2015,5,-15.933,34.755,F,AG1000G-MW,v3,0.45899999999999996,0.75,arabiensis,,arabiensis,153.80833,6.191788,-6.079758,12.436264,21.00143,26.415312,-60.947407,48.291363,-137.97333,99.08921
2098,AZ0179-C,ME2367,Martin Donnelly,Malawi,Chikhwawa,2015,5,-15.933,34.755,F,AG1000G-MW,v3,0.45399999999999996,0.75,arabiensis,,arabiensis,165.62799,5.680152,4.9807334,-35.476643,-33.71638,89.564,87.53001,59.15855,5.212531,-104.23778
2099,AZ0180-C,ME2368,Martin Donnelly,Malawi,Chikhwawa,2015,5,-15.933,34.755,F,AG1000G-MW,v3,0.45899999999999996,0.75,arabiensis,,arabiensis,158.63184,3.796627,11.2379875,35.12321,-21.23013,63.654175,-7.1544433,-3.9090145,-4.780771,-50.279152
2100,AZ0181-C,ME2369,Martin Donnelly,Malawi,Chikhwawa,2015,5,-15.933,34.755,F,AG1000G-MW,v3,0.46,0.75,arabiensis,,arabiensis,156.0774,4.521953,-2.2228968,18.993471,-19.225073,-17.871511,-136.26234,2.5035248,60.040348,-69.18212
2101,AZ0182-C,ME236A,Martin Donnelly,Malawi,Chikhwawa,2015,5,-15.933,34.755,F,AG1000G-MW,v3,0.456,0.7509999999999999,arabiensis,,arabiensis,162.34453,1.6212721,7.0771923,-15.665067,21.150143,10.621357,-58.110374,38.726025,4.000561,-41.421173
2102,AZ0183-C,ME236B,Martin Donnelly,Malawi,Chikhwawa,2015,5,-15.933,34.755,F,AG1000G-MW,v3,0.45899999999999996,0.75,arabiensis,,arabiensis,150.15933,1.2423058,3.5791292,34.906445,-31.1347,25.956131,-42.75778,-28.411512,14.586045,6.0905023
2103,AZ0184-C,ME236C,Martin Donnelly,Malawi,Chikhwawa,2015,5,-15.933,34.755,F,AG1000G-MW,v3,0.456,0.75,arabiensis,,arabiensis,146.48164,6.9898944,10.291064,11.587252,-8.413611,40.743244,16.272715,23.817467,10.853207,-32.267166
2104,AZ0185-C,ME236E,Martin Donnelly,Malawi,Chikhwawa,2015,5,-15.933,34.755,F,AG1000G-MW,v3,0.455,0.75,arabiensis,,arabiensis,157.41628,1.324838,7.408215,-1.1188501,-9.676426,-72.79689,-6.1656456,-38.189316,77.05726,-10.126819
2105,AZ0186-C,ME236K,Martin Donnelly,Malawi,Chikhwawa,2015,5,-15.933,34.755,F,AG1000G-MW,v3,0.45399999999999996,0.75,arabiensis,,arabiensis,157.30699,2.543296,17.437943,4.13221,-4.733509,-75.68805,-69.12716,-85.93353,3.8336008,73.37472
2106,AZ0187-C,ME236P,Martin Donnelly,Malawi,Chikhwawa,2015,5,-15.933,34.755,F,AG1000G-MW,v3,0.456,0.7490000000000001,arabiensis,,arabiensis,149.03784,4.027157,-4.4299684,2.5434551,16.73643,43.99795,-4.3853354,58.67656,-156.11917,82.61798
2107,AZ0188-C,ME236Q,Martin Donnelly,Malawi,Chikhwawa,2015,5,-15.933,34.755,F,AG1000G-MW,v3,0.46,0.75,arabiensis,,arabiensis,168.8344,-0.3406625,12.2528105,-62.15896,-46.749134,129.47485,202.97923,95.85384,60.39645,-157.69777
2108,AZ0191-C,ME237L,Martin Donnelly,Malawi,Chikhwawa,2015,5,-15.933,34.755,F,AG1000G-MW,v3,0.46,0.7490000000000001,arabiensis,,arabiensis,155.66751,-2.3336208,-7.7783484,-25.69658,20.333963,-45.74854,67.28427,-32.779484,62.52376,29.866373
2109,AZ0192-C,ME237M,Martin Donnelly,Malawi,Chikhwawa,2015,5,-15.933,34.755,F,AG1000G-MW,v3,0.457,0.75,arabiensis,,arabiensis,165.27205,6.778089,1.3548923,6.25496,-21.488348,-35.387665,-166.14626,21.967379,62.261658,-109.17316
2110,AZ0199-C,ME237X,Martin Donnelly,Malawi,Chikhwawa,2015,5,-15.933,34.755,F,AG1000G-MW,v3,0.45899999999999996,0.75,arabiensis,,arabiensis,157.07193,-2.5085015,3.193343,-25.026958,32.672688,17.403954,75.53294,-14.615591,-5.089689,43.556927
2111,AZ0200-C,ME237Y,Martin Donnelly,Malawi,Chikhwawa,2015,5,-15.933,34.755,F,AG1000G-MW,v3,0.461,0.75,arabiensis,,arabiensis,155.71507,4.00038,-5.258083,-4.162693,-9.028315,-15.793511,-45.75759,25.41671,5.5109406,-4.0780234
2112,AZ0201-C,ME237Z,Martin Donnelly,Malawi,Chikhwawa,2015,5,-15.933,34.755,F,AG1000G-MW,v3,0.452,0.75,arabiensis,,arabiensis,154.58821,5.1831827,-4.991367,-16.29548,11.813038,28.688293,30.807253,-8.662201,29.367605,-63.368572
2113,AZ0202-C,ME2382,Martin Donnelly,Malawi,Chikhwawa,2015,5,-15.933,34.755,F,AG1000G-MW,v3,0.455,0.7490000000000001,arabiensis,,arabiensis,152.46306,6.7308483,-0.24068898,11.933319,-12.211354,-38.90334,-86.54628,-54.3475,-30.297916,42.210457
2114,AZ0223-C,ME2345,Martin Donnelly,Malawi,Chikhwawa,2015,5,-15.933,34.755,F,AG1000G-MW,v3,0.456,0.731,arabiensis,,arabiensis,160.93869,2.7171378,0.40410033,17.456266,-31.86939,-35.030174,-154.1429,-2.349132,4.273105,2.6163816
2115,AZ0226-C,ME2348,Martin Donnelly,Malawi,Chikhwawa,2015,5,-15.933,34.755,F,AG1000G-MW,v3,0.45,0.728,arabiensis,,arabiensis,154.98184,-1.6258731,-1.6998278,7.52035,7.8735437,9.398667,-68.39016,-24.224272,-51.123646,48.51191
2116,AZ0242-C,ME232M,Martin Donnelly,Malawi,Chikhwawa,2015,5,-15.933,34.755,F,AG1000G-MW,v3,0.433,0.7190000000000001,arabiensis,,arabiensis,152.04497,4.5417295,13.621234,-4.954481,-6.976172,-9.992185,97.58971,7.8921256,46.59578,-54.809258
2117,AZ0246-C,ME232R,Martin Donnelly,Malawi,Chikhwawa,2015,5,-15.933,34.755,F,AG1000G-MW,v3,0.439,0.6859999999999999,arabiensis,,arabiensis,152.5989,4.925406,11.97242,4.8505583,10.667394,37.970634,8.08893,-6.19765,-78.016136,66.724754
2118,AZ0247-C,ME232S,Martin Donnelly,Malawi,Chikhwawa,2015,5,-15.933,34.755,F,AG1000G-MW,v3,0.444,0.727,arabiensis,,arabiensis,148.93396,-1.805839,0.30625486,-14.782477,35.553967,-80.121574,40.282898,-41.64737,70.10539,34.546387
2119,AZ0251-C,ME232W,Martin Donnelly,Malawi,Chikhwawa,2015,5,-15.933,34.755,F,AG1000G-MW,v3,0.441,0.713,arabiensis,,arabiensis,155.22023,0.76787615,-6.851975,4.7663736,-17.82025,79.72753,-28.539408,9.229282,-61.438072,-8.824611
2195,BL0047-C,Plate_F_D4,Bilali Kabula,Tanzania,Muleba,2015,3,-1.962,31.651,F,AG1000G-TZ,v3,0.45899999999999996,0.745,arabiensis,,arabiensis,-18.477537,-0.9850302,-113.1009,-47.054432,121.61487,18.03817,-21.395302,-124.08375,-64.032906,-114.289116
2196,BL0048-C,Plate_F_E4,Bilali Kabula,Tanzania,Muleba,2015,3,-1.962,31.651,F,AG1000G-TZ,v3,0.455,0.742,arabiensis,,arabiensis,-19.314695,10.428773,-26.904697,0.19209522,14.354279,-28.632013,6.8486414,-10.20197,12.219755,-3.0381658
2197,BL0049-C,Plate_F_F4,Bilali Kabula,Tanzania,Muleba,2015,3,-1.962,31.651,F,AG1000G-TZ,v3,0.455,0.7440000000000001,arabiensis,,arabiensis,-17.431406,13.221619,-30.009455,18.47899,-7.505131,4.913436,-5.2267556,-5.4029136,7.936674,-5.4580917
2198,BL0050-C,Plate_F_G4,Bilali Kabula,Tanzania,Muleba,2015,3,-1.962,31.651,F,AG1000G-TZ,v3,0.451,0.735,arabiensis,,arabiensis,-14.763815,6.718473,-130.8713,-49.40034,112.4769,7.507262,5.9677434,-98.451645,-67.132835,-91.52957
2201,BL0055-C,Plate_D_E6,Bilali Kabula,Tanzania,Muleba,2015,6,-1.962,31.651,F,AG1000G-TZ,v3,0.452,0.728,arabiensis,,arabiensis,-18.48663,-2.4017103,-44.85407,15.942056,8.259167,-4.511857,6.977732,22.013535,0.7907399,4.811046
2203,BL0059-C,Plate_D_A8,Bilali Kabula,Tanzania,Muleba,2015,6,-1.962,31.651,F,AG1000G-TZ,v3,0.45899999999999996,0.745,arabiensis,,arabiensis,-19.902763,37.509346,16.75077,10.425461,-5.4979,-0.285145,-5.50364,2.5309327,-8.015199,5.079408
2204,BL0060-C,Plate_D_B8,Bilali Kabula,Tanzania,Muleba,2015,6,-1.962,31.651,F,AG1000G-TZ,v3,0.447,0.7240000000000001,arabiensis,,arabiensis,-11.898825,10.196337,-100.46289,-4.5361443,-1.0496365,-20.632734,16.961432,6.268436,-29.801008,7.3564224
2205,BL0061-C,Plate_D_D8,Bilali Kabula,Tanzania,Muleba,2015,6,-1.962,31.651,F,AG1000G-TZ,v3,0.456,0.7440000000000001,arabiensis,,arabiensis,-18.899662,14.88954,-3.553279,9.756641,2.322564,-1.4089694,2.6420622,-6.0867186,-7.1186123,-6.412409
2206,BL0062-C,Plate_D_F8,Bilali Kabula,Tanzania,Muleba,2015,6,-1.962,31.651,F,AG1000G-TZ,v3,0.452,0.742,arabiensis,,arabiensis,-10.138038,2.6736362,-84.0112,28.194899,-68.95925,-35.688457,46.71876,32.50372,-20.165997,119.970695
2209,BL0067-C,Plate_B_C2,Bilali Kabula,Tanzania,Muleba,2015,6,-1.962,31.651,F,AG1000G-TZ,v3,0.447,0.738,arabiensis,,arabiensis,-18.771248,15.430926,12.891951,30.428053,17.685015,-27.496273,-9.222341,13.2555,-3.2435274,-8.784679
2210,BL0068-C,Plate_B_D2,Bilali Kabula,Tanzania,Muleba,2015,6,-1.962,31.651,F,AG1000G-TZ,v3,0.455,0.7390000000000001,arabiensis,,arabiensis,-11.325144,9.412515,-8.005384,9.559771,-9.809839,3.9078324,-7.5055337,-11.288271,-4.838709,6.022869
2211,BL0069-C,Plate_B_E2,Bilali Kabula,Tanzania,Muleba,2015,6,-1.962,31.651,F,AG1000G-TZ,v3,0.452,0.741,arabiensis,,arabiensis,-19.863934,-2.233696,-25.328463,7.8487425,14.576435,0.7817333,-7.141427,15.464087,-4.8581586,-9.794687
2212,BL0070-C,Plate_B_F2,Bilali Kabula,Tanzania,Muleba,2015,6,-1.962,31.651,F,AG1000G-TZ,v3,0.457,0.743,arabiensis,,arabiensis,-14.564936,25.980791,-7.4585156,10.162244,-19.65394,-10.953266,10.40889,20.309433,-4.260072,0.9845423
2213,BL0071-C,Plate_B_G2,Bilali Kabula,Tanzania,Muleba,2015,6,-1.962,31.651,F,AG1000G-TZ,v3,0.45899999999999996,0.74,arabiensis,,arabiensis,-23.746689,24.409027,24.509388,-4.286515,-10.969867,10.3123,-12.763259,33.236095,5.8453255,-0.5249022
2214,BL0072-C,Plate_B_H2,Bilali Kabula,Tanzania,Muleba,2015,6,-1.962,31.651,F,AG1000G-TZ,v3,0.45299999999999996,0.741,arabiensis,,arabiensis,-16.044937,26.60238,-9.4662485,26.89099,-6.3575673,-2.175061,4.854957,6.444495,-15.045627,-10.279047
2215,BL0073-C,Plate_B_B4,Bilali Kabula,Tanzania,Muleba,2015,6,-1.962,31.651,F,AG1000G-TZ,v3,0.46,0.742,arabiensis,,arabiensis,-23.636625,23.936926,47.40988,-26.494093,35.55312,-1.8239083,-11.039173,-5.4352717,17.309933,-5.1509933
2216,BL0074-C,Plate_B_C4,Bilali Kabula,Tanzania,Muleba,2015,6,-1.962,31.651,F,AG1000G-TZ,v3,0.457,0.736,arabiensis,,arabiensis,-23.176151,23.840336,-52.88169,-37.37605,70.0999,7.3123784,4.8866944,11.743799,-1.5323956,7.073971
2217,BL0075-C,Plate_B_D4,Bilali Kabula,Tanzania,Muleba,2015,6,-1.962,31.651,F,AG1000G-TZ,v3,0.449,0.738,arabiensis,,arabiensis,-22.05335,25.556347,-5.364227,28.117895,2.2340803,7.449166,0.24008109,2.9526649,8.1310835,-2.6841142
2218,BL0076-C,Plate_B_F4,Bilali Kabula,Tanzania,Muleba,2015,6,-1.962,31.651,F,AG1000G-TZ,v3,0.452,0.7390000000000001,arabiensis,,arabiensis,-20.784979,14.181853,-11.548073,10.465001,20.533455,2.931631,-6.5219164,-14.907453,9.203135,-7.5800962
2221,BL0081-C,Plate_F_B4,Bilali Kabula,Tanzania,Muleba,2015,3,-1.962,31.651,F,AG1000G-TZ,v3,0.455,0.7440000000000001,arabiensis,,arabiensis,-19.74773,27.310509,0.9372288,23.065405,-24.753658,33.40072,-2.0060136,-6.6358304,10.058229,16.9288
2222,BL0082-C,Plate_F_C4,Bilali Kabula,Tanzania,Muleba,2015,3,-1.962,31.651,F,AG1000G-TZ,v3,0.45299999999999996,0.742,arabiensis,,arabiensis,-22.749096,16.541616,-13.606085,-18.276997,34.018967,-4.103826,-10.330695,-11.748542,-15.336798,-15.46893
2223,BL0083-C,Plate_F_A5,Bilali Kabula,Tanzania,Muleba,2015,3,-1.962,31.651,F,AG1000G-TZ,v3,0.45299999999999996,0.7390000000000001,arabiensis,,arabiensis,-20.653679,10.018971,-21.440529,-10.73689,-10.808268,-9.6430645,2.467591,8.65146,15.143617,5.8609657
2224,BL0084-C,Plate_F_B5,Bilali Kabula,Tanzania,Muleba,2015,3,-1.962,31.651,F,AG1000G-TZ,v3,0.457,0.74,arabiensis,,arabiensis,-18.758018,14.35037,-9.319933,26.686794,-3.8295653,-6.3468223,2.0843039,0.8207845,2.177794,-11.857945
2225,BL0085-C,Plate_F_C5,Bilali Kabula,Tanzania,Muleba,2015,3,-1.962,31.651,F,AG1000G-TZ,v3,0.457,0.7390000000000001,arabiensis,,arabiensis,-23.965515,19.856863,11.116274,27.236546,18.36538,28.116365,-8.806439,-0.31828523,5.271717,-12.852378
2226,BL0086-C,Plate_F_D5,Bilali Kabula,Tanzania,Muleba,2015,3,-1.962,31.651,F,AG1000G-TZ,v3,0.455,0.741,arabiensis,,arabiensis,-18.39354,-5.0982633,-31.215765,8.455145,11.85441,-28.351748,23.485094,10.237642,-1.2335789,15.249166
2227,BL0087-C,Plate_F_E5,Bilali Kabula,Tanzania,Muleba,2015,3,-1.962,31.651,F,AG1000G-TZ,v3,0.455,0.743,arabiensis,,arabiensis,-11.799473,14.973769,-3.8269951,9.273967,-24.61373,0.83913183,-4.3938537,-7.778692,-1.6577215,15.900346
2228,BL0088-C,Plate_F_F5,Bilali Kabula,Tanzania,Muleba,2015,3,-1.962,31.651,F,AG1000G-TZ,v3,0.455,0.7390000000000001,arabiensis,,arabiensis,-22.99574,18.68411,-5.527951,-7.3608932,-0.46171933,1.635055,-3.230005,13.817531,11.351967,10.259271
2229,BL0089-C,Plate_F_G5,Bilali Kabula,Tanzania,Muleba,2015,3,-1.962,31.651,F,AG1000G-TZ,v3,0.46,0.74,arabiensis,,arabiensis,-19.715881,5.7377377,-11.491703,-10.923949,12.029582,5.04066,-2.984075,21.122873,11.851484,-1.8429327
2230,BL0090-C,Plate_F_H5,Bilali Kabula,Tanzania,Muleba,2015,3,-1.962,31.651,F,AG1000G-TZ,v3,0.456,0.74,arabiensis,,arabiensis,-14.800001,27.535007,-4.9031415,7.6280217,-43.322495,1.1334484,19.017225,-41.180054,-13.45855,27.294613
2231,BL0091-C,Plate_F_A6,Bilali Kabula,Tanzania,Muleba,2015,3,-1.962,31.651,F,AG1000G-TZ,v3,0.455,0.7390000000000001,arabiensis,,arabiensis,-25.703127,7.8638844,-32.072548,-6.3409324,18.525797,11.136531,12.101782,-18.108778,7.2991576,15.836557
2232,BL0092-C,Plate_F_B6,Bilali Kabula,Tanzania,Muleba,2015,3,-1.962,31.651,F,AG1000G-TZ,v3,0.457,0.743,arabiensis,,arabiensis,-20.877571,25.465462,-16.731417,11.745538,-71.95426,31.6298,-3.8422778,-41.97434,4.8896265,4.402604
2233,BL0093-C,Plate_F_D6,Bilali Kabula,Tanzania,Muleba,2015,3,-1.962,31.651,F,AG1000G-TZ,v3,0.44799999999999995,0.741,arabiensis,,arabiensis,-20.992682,17.82423,-8.5638075,30.111612,-5.8523946,2.2243383,0.54069567,-11.264026,-14.216069,-6.126223
2234,BL0094-C,Plate_F_E6,Bilali Kabula,Tanzania,Muleba,2015,3,-1.962,31.651,F,AG1000G-TZ,v3,0.452,0.742,arabiensis,,arabiensis,-23.809185,0.42492238,-32.283066,-46.896816,-52.15688,-6.8748293,-19.930672,0.056812868,-2.5917468,-15.955501
2235,BL0095-C,Plate_F_F6,Bilali Kabula,Tanzania,Muleba,2015,3,-1.962,31.651,F,AG1000G-TZ,v3,0.457,0.7390000000000001,arabiensis,,arabiensis,-24.193804,17.458021,-39.292408,-68.2599,-96.91483,-18.465252,-19.164783,9.811672,18.065714,3.0748544
2236,BL0096-C,Plate_F_G6,Bilali Kabula,Tanzania,Muleba,2015,3,-1.962,31.651,F,AG1000G-TZ,v3,0.455,0.742,arabiensis,,arabiensis,-23.07244,19.758755,-3.2933013,4.4742785,-4.821343,5.96953,11.095826,-23.95112,-21.008005,-12.516505
2237,BL0097-C,Plate_F_H6,Bilali Kabula,Tanzania,Muleba,2015,3,-1.962,31.651,F,AG1000G-TZ,v3,0.45799999999999996,0.7390000000000001,arabiensis,,arabiensis,-15.040914,17.573166,-37.986362,31.686024,20.778124,-15.751473,0.4055987,9.372304,9.255246,-13.265234
2238,BL0099-C,Plate_F_B7,Bilali Kabula,Tanzania,Muleba,2015,3,-1.962,31.651,F,AG1000G-TZ,v3,0.452,0.7390000000000001,arabiensis,,arabiensis,-21.906551,24.93676,-7.181359,18.959808,-28.929037,17.765306,3.4640784,-2.7474365,-1.6690103,-11.554026
2251,BL0113-C,Plate_A_G12,Bilali Kabula,Tanzania,Muleba,2015,4,-1.962,31.651,F,AG1000G-TZ,v3,0.45399999999999996,0.741,arabiensis,,arabiensis,-24.519823,1.3538215,-25.087208,-48.42023,-26.892963,13.650417,8.583853,-22.482222,-9.03068,5.490283
2256,BL0118-C,Plate_B_F12,Bilali Kabula,Tanzania,Muleba,2015,6,-1.962,31.651,F,AG1000G-TZ,v3,0.44799999999999995,0.731,arabiensis,,arabiensis,-20.391802,9.987893,-9.531866,24.175919,-29.242903,54.044025,-10.571275,-33.72225,3.8722792,-11.678323
2257,BL0194-C,Plate_C_A1,Bilali Kabula,Tanzania,Muleba,2015,6,-1.962,31.651,F,AG1000G-TZ,v3,0.45899999999999996,0.7509999999999999,arabiensis,,arabiensis,-25.491722,16.194635,22.804384,-57.200363,-7.074115,20.670343,-4.302517,-21.369423,11.731079,5.0245495
2258,BL0195-C,Plate_C_B1,Bilali Kabula,Tanzania,Muleba,2015,6,-1.962,31.651,F,AG1000G-TZ,v3,0.46,0.748,arabiensis,,arabiensis,-13.8018,7.741447,-55.921154,19.71165,4.147066,7.5285277,1.812824,22.371561,19.521912,0.9173637
2259,BL0196-C,Plate_C_C1,Bilali Kabula,Tanzania,Muleba,2015,6,-1.962,31.651,F,AG1000G-TZ,v3,0.46,0.752,arabiensis,,arabiensis,-17.87507,23.322077,-4.2335954,24.586527,1.9874697,5.7117867,-14.891541,38.84513,10.827273,6.3566303
2260,BL0197-C,Plate_C_D1,Bilali Kabula,Tanzania,Muleba,2015,6,-1.962,31.651,F,AG1000G-TZ,v3,0.45399999999999996,0.746,arabiensis,,arabiensis,-24.828182,19.236311,3.4938245,1.5653138,-29.303,8.988835,-1.1381224,12.814322,-2.9906826,0.6288693
2261,BL0198-C,Plate_C_E1,Bilali Kabula,Tanzania,Muleba,2015,6,-1.962,31.651,F,AG1000G-TZ,v3,0.46,0.75,arabiensis,,arabiensis,-11.154841,24.285688,-9.50987,16.714823,-5.7639503,-7.0534964,4.7798676,-20.571785,-12.904727,19.603592
2262,BL0199-C,Plate_C_F1,Bilali Kabula,Tanzania,Muleba,2015,6,-1.962,31.651,F,AG1000G-TZ,v3,0.456,0.7490000000000001,arabiensis,,arabiensis,-23.462372,35.17762,-3.9028282,-26.959438,-53.804817,-14.11891,-12.645349,24.210411,8.83729,6.773354
2263,BL0200-C,Plate_C_G1,Bilali Kabula,Tanzania,Muleba,2015,6,-1.962,31.651,F,AG1000G-TZ,v3,0.45399999999999996,0.75,arabiensis,,arabiensis,-25.685442,12.651683,3.9219356,-2.6909387,-10.776517,3.104251,-0.06784693,7.846447,3.9045744,2.9615798
2265,BL0202-C,Plate_C_A2,Bilali Kabula,Tanzania,Muleba,2015,6,-1.962,31.651,F,AG1000G-TZ,v3,0.45399999999999996,0.75,arabiensis,,arabiensis,-12.932605,12.944682,-12.105746,-0.8091107,5.054404,-20.854519,9.034401,5.466998,5.5417643,11.567187
2266,BL0203-C,Plate_C_C2,Bilali Kabula,Tanzania,Muleba,2015,6,-1.962,31.651,F,AG1000G-TZ,v3,0.456,0.747,arabiensis,,arabiensis,-21.338066,32.367146,-51.60884,0.36674237,22.383928,-10.725921,19.30741,7.951494,-19.906286,20.9418
2268,BL0205-C,Plate_A_B1,Bilali Kabula,Tanzania,Muleba,2015,3,-1.962,31.651,F,AG1000G-TZ,v3,0.45799999999999996,0.75,arabiensis,,arabiensis,-20.227247,16.552206,-17.117891,2.8725166,29.13447,6.568612,-6.1417737,-8.367375,-17.985697,3.2868404
2269,BL0207-C,Plate_A_D1,Bilali Kabula,Tanzania,Muleba,2015,3,-1.962,31.651,F,AG1000G-TZ,v3,0.461,0.7509999999999999,arabiensis,,arabiensis,-20.771471,16.52644,-26.226973,-25.281832,-48.62647,-15.467757,-16.12779,18.579237,12.272472,-6.849729
2270,BL0208-C,Plate_A_E1,Bilali Kabula,Tanzania,Muleba,2015,3,-1.962,31.651,F,AG1000G-TZ,v3,0.461,0.752,arabiensis,,arabiensis,-19.433588,5.4937253,-12.798963,-32.86723,24.134295,13.957714,-11.915707,15.177438,24.066034,26.297646
2271,BL0209-C,Plate_A_F1,Bilali Kabula,Tanzania,Muleba,2015,3,-1.962,31.651,F,AG1000G-TZ,v3,0.45299999999999996,0.747,arabiensis,,arabiensis,-16.79524,24.20206,-34.109436,41.786964,19.788153,-40.38652,2.8224237,71.97046,-5.8572574,-37.309925
2272,BL0210-C,Plate_A_G1,Bilali Kabula,Tanzania,Muleba,2015,3,-1.962,31.651,F,AG1000G-TZ,v3,0.457,0.75,arabiensis,,arabiensis,-18.656103,16.050924,-60.246143,2.0543468,4.6661887,-23.313116,12.387389,8.56889,7.0743327,27.954605
2273,BL0211-C,Plate_A_H1,Bilali Kabula,Tanzania,Muleba,2015,3,-1.962,31.651,F,AG1000G-TZ,v3,0.456,0.7490000000000001,arabiensis,,arabiensis,-21.083536,23.203268,-8.554893,46.085342,-23.187672,28.838552,-3.9565985,-3.2720783,5.3503222,-3.6051013
2274,BL0212-C,Plate_A_C2,Bilali Kabula,Tanzania,Muleba,2015,3,-1.962,31.651,F,AG1000G-TZ,v3,0.45399999999999996,0.7490000000000001,arabiensis,,arabiensis,-15.314214,11.977793,-61.348125,-9.330179,48.586033,-23.507929,30.091368,-3.3475752,-12.386648,16.298862
2275,BL0213-C,Plate_A_D2,Bilali Kabula,Tanzania,Muleba,2015,3,-1.962,31.651,F,AG1000G-TZ,v3,0.46,0.748,arabiensis,,arabiensis,-23.759048,18.358727,-17.910645,-49.090557,-35.213432,-6.987191,-4.8324656,-4.903136,23.203264,16.769753
2276,BL0214-C,Plate_A_G2,Bilali Kabula,Tanzania,Muleba,2015,3,-1.962,31.651,F,AG1000G-TZ,v3,0.456,0.745,arabiensis,,arabiensis,-18.05081,15.02666,7.5241385,17.432295,-4.6901617,-2.7742734,11.809634,14.068586,-10.722815,14.641359
2277,BL0215-C,Plate_A_H2,Bilali Kabula,Tanzania,Muleba,2015,3,-1.962,31.651,F,AG1000G-TZ,v3,0.455,0.7509999999999999,arabiensis,,arabiensis,-23.761366,22.160006,13.766804,-38.47037,30.85409,17.638855,-9.779025,5.4516306,23.43528,21.314978
2278,BL0216-C,Plate_A_A12,Bilali Kabula,Tanzania,Muleba,2015,4,-1.962,31.651,F,AG1000G-TZ,v3,0.45899999999999996,0.75,arabiensis,,arabiensis,-19.93714,19.230427,-86.34067,-7.9154778,41.64508,-27.253029,28.08422,-7.5688906,-18.83986,4.399691
2279,BL0217-C,Plate_A_B12,Bilali Kabula,Tanzania,Muleba,2015,4,-1.962,31.651,F,AG1000G-TZ,v3,0.452,0.7490000000000001,arabiensis,,arabiensis,-22.556124,-0.67185944,-76.94181,-44.822067,-12.819315,0.5821208,35.17757,-21.226326,-25.901009,25.14071
2280,BL0218-C,Plate_A_C12,Bilali Kabula,Tanzania,Muleba,2015,4,-1.962,31.651,F,AG1000G-TZ,v3,0.45899999999999996,0.75,arabiensis,,arabiensis,-23.9845,16.597755,-11.189085,-53.876827,-64.361404,-31.833523,-5.127548,9.145469,-2.7510097,-2.1320217
2281,BL0221-C,Plate_A_F12,Bilali Kabula,Tanzania,Muleba,2015,4,-1.962,31.651,F,AG1000G-TZ,v3,0.455,0.7509999999999999,arabiensis,,arabiensis,-15.807818,15.071003,-37.40582,11.705256,-16.444328,-22.05312,23.097767,8.1303005,-24.557268,11.038691
2282,BL0222-C,Plate_A_H12,Bilali Kabula,Tanzania,Muleba,2015,4,-1.962,31.651,F,AG1000G-TZ,v3,0.457,0.747,arabiensis,,arabiensis,-14.827023,15.899033,-43.30324,27.725697,-55.190525,15.999331,14.181385,4.884414,9.823641,57.811295
2283,BL0223-C,Plate_B_A10,Bilali Kabula,Tanzania,Muleba,2015,6,-1.962,31.651,F,AG1000G-TZ,v3,0.46299999999999997,0.75,arabiensis,,arabiensis,-20.709684,0.42515567,-58.631496,-31.793787,-80.64662,-24.804283,-12.7916765,25.792719,14.863275,14.955222
2284,BL0224-C,Plate_B_B10,Bilali Kabula,Tanzania,Muleba,2015,6,-1.962,31.651,F,AG1000G-TZ,v3,0.456,0.748,arabiensis,,arabiensis,-18.203531,18.046778,-4.3219976,31.318403,0.31947625,-28.239561,4.9156947,39.853737,-5.7377186,-22.58233
2285,BL0225-C,Plate_B_C10,Bilali Kabula,Tanzania,Muleba,2015,6,-1.962,31.651,F,AG1000G-TZ,v3,0.45799999999999996,0.7490000000000001,arabiensis,,arabiensis,-16.532516,16.130657,-10.72562,9.9005,-9.983712,4.2713165,5.449306,-22.927605,-8.036253,9.971674
2286,BL0226-C,Plate_B_D10,Bilali Kabula,Tanzania,Muleba,2015,6,-1.962,31.651,F,AG1000G-TZ,v3,0.45299999999999996,0.75,arabiensis,,arabiensis,-20.664206,27.878881,9.508857,15.769007,10.997057,10.613755,-11.702741,28.232649,4.9970145,2.6530318
2287,BL0227-C,Plate_B_E10,Bilali Kabula,Tanzania,Muleba,2015,6,-1.962,31.651,F,AG1000G-TZ,v3,0.457,0.75,arabiensis,,arabiensis,-19.355394,10.844084,-43.975002,15.325571,-13.054361,20.668718,-5.329018,-3.029872,9.7337265,13.1332035
2288,BL0228-C,Plate_B_F10,Bilali Kabula,Tanzania,Muleba,2015,6,-1.962,31.651,F,AG1000G-TZ,v3,0.45799999999999996,0.7490000000000001,arabiensis,,arabiensis,-15.910765,9.555316,-23.129154,14.8226385,0.98887026,-4.1257176,-1.7397578,6.1915703,8.112128,6.1361775
2289,BL0229-C,Plate_B_G10,Bilali Kabula,Tanzania,Muleba,2015,6,-1.962,31.651,F,AG1000G-TZ,v3,0.45399999999999996,0.746,arabiensis,,arabiensis,-10.786728,7.541381,-37.572952,8.686521,-24.511297,-3.2174885,10.789531,7.378339,-15.245522,37.722355
2295,BL0126-C,Plate_E_F12,Bilali Kabula,Tanzania,Muleba,2015,6,-1.962,31.651,F,AG1000G-TZ,v3,0.455,0.74,arabiensis,,arabiensis,-13.564142,14.203903,-61.616726,26.552626,5.808869,-26.023062,5.017969,20.088402,5.203468,-2.5148003
2296,BL0127-C,Plate_F_A12,Bilali Kabula,Tanzania,Muleba,2015,3,-1.962,31.651,F,AG1000G-TZ,v3,0.45399999999999996,0.7390000000000001,arabiensis,,arabiensis,-17.743519,15.007174,-69.375565,-28.432005,-99.171165,24.673153,-14.377173,-23.359798,4.693211,9.952454
2298,BL0129-C,Plate_E_A1,Bilali Kabula,Tanzania,Muleba,2015,6,-1.962,31.651,F,AG1000G-TZ,v3,0.45399999999999996,0.743,arabiensis,,arabiensis,-23.318989,28.987562,22.471691,-10.011723,-2.813188,13.581907,-4.016409,-8.74569,-5.7080827,-3.628729
2299,BL0131-C,Plate_E_F3,Bilali Kabula,Tanzania,Muleba,2015,6,-1.962,31.651,F,AG1000G-TZ,v3,0.46,0.743,arabiensis,,arabiensis,-21.744537,16.185343,-33.88476,-15.793848,34.358585,37.408604,-12.587068,-8.43301,36.671684,8.818107
2300,BL0133-C,Plate_E_E5,Bilali Kabula,Tanzania,Muleba,2015,6,-1.962,31.651,F,AG1000G-TZ,v3,0.451,0.7440000000000001,arabiensis,,arabiensis,-19.278267,8.935679,-25.341927,-0.2662681,-17.803246,34.003677,0.04522512,-24.388924,4.7904453,6.7227955
2301,BL0135-C,Plate_E_G5,Bilali Kabula,Tanzania,Muleba,2015,6,-1.962,31.651,F,AG1000G-TZ,v3,0.451,0.738,arabiensis,,arabiensis,-10.414715,9.925107,-23.208761,-0.12918976,14.45379,-11.444595,5.033579,-3.6684883,-11.68134,6.010812
2302,BL0136-C,Plate_E_H5,Bilali Kabula,Tanzania,Muleba,2015,6,-1.962,31.651,F,AG1000G-TZ,v3,0.45299999999999996,0.745,arabiensis,,arabiensis,-21.40197,-11.557521,1.4473801,-14.459879,-11.7472315,-16.988604,8.079712,-12.916994,-23.95754,-43.1657
2305,BL0139-C,Plate_E_F8,Bilali Kabula,Tanzania,Muleba,2015,6,-1.962,31.651,F,AG1000G-TZ,v3,0.452,0.7440000000000001,arabiensis,,arabiensis,-11.457574,16.42798,-21.821405,-2.7040665,-19.652136,2.7055137,13.372637,-44.444626,-25.395237,-4.248527
2306,BL0140-C,Plate_E_A9,Bilali Kabula,Tanzania,Muleba,2015,6,-1.962,31.651,F,AG1000G-TZ,v3,0.455,0.741,arabiensis,,arabiensis,-22.786911,4.6256638,-15.120441,-63.502678,39.499958,25.616205,-19.41983,8.878273,44.456078,32.56224
2307,BL0141-C,Plate_E_H9,Bilali Kabula,Tanzania,Muleba,2015,6,-1.962,31.651,F,AG1000G-TZ,v3,0.457,0.743,arabiensis,,arabiensis,-18.78599,17.736635,-7.6380343,23.50706,-2.660653,9.361689,4.5210786,1.6830164,0.20075111,-8.1764
2309,BL0145-C,Plate_E_H10,Bilali Kabula,Tanzania,Muleba,2015,6,-1.962,31.651,F,AG1000G-TZ,v3,0.451,0.74,arabiensis,,arabiensis,-25.59666,15.115431,-19.232033,-45.282143,-53.787327,8.851309,-12.34811,0.07207568,12.430257,4.253775
2310,BL0146-C,Plate_C_A5,Bilali Kabula,Tanzania,Muleba,2015,6,-1.962,31.651,F,AG1000G-TZ,v3,0.45399999999999996,0.741,arabiensis,,arabiensis,-22.942812,7.4644465,-28.79185,-76.26312,-28.315968,12.245296,-23.409601,21.470186,38.384537,27.731226
2311,BL0147-C,Plate_C_B5,Bilali Kabula,Tanzania,Muleba,2015,6,-1.962,31.651,F,AG1000G-TZ,v3,0.456,0.741,arabiensis,,arabiensis,-14.133985,-2.363363,-17.432808,-31.720669,-19.847197,18.12229,-1.6868526,-16.677624,0.76718056,6.332131
2312,BL0148-C,Plate_C_C5,Bilali Kabula,Tanzania,Muleba,2015,6,-1.962,31.651,F,AG1000G-TZ,v3,0.45399999999999996,0.732,arabiensis,,arabiensis,-18.228004,9.753078,-21.387997,37.92252,-20.554996,32.511547,1.8396578,-5.648212,8.400039,-4.395304
2313,BL0149-C,Plate_C_E5,Bilali Kabula,Tanzania,Muleba,2015,6,-1.962,31.651,F,AG1000G-TZ,v3,0.451,0.736,arabiensis,,arabiensis,-26.459858,25.098236,32.34146,-77.449974,49.683872,31.56267,-11.468151,11.142351,11.435279,48.577614
2314,BL0150-C,Plate_C_G5,Bilali Kabula,Tanzania,Muleba,2015,6,-1.962,31.651,F,AG1000G-TZ,v3,0.45299999999999996,0.7390000000000001,arabiensis,,arabiensis,-20.815468,1.4121528,-2.0524664,29.669888,13.216368,-5.413511,-0.36854777,7.863736,3.557046,2.8381627
2315,BL0151-C,Plate_C_H5,Bilali Kabula,Tanzania,Muleba,2015,6,-1.962,31.651,F,AG1000G-TZ,v3,0.449,0.741,arabiensis,,arabiensis,-18.015024,25.661785,1.6524138,23.130411,0.79482675,-11.596308,2.480336,15.520649,10.747972,-1.6201385
2316,BL0152-C,Plate_C_A6,Bilali Kabula,Tanzania,Muleba,2015,6,-1.962,31.651,F,AG1000G-TZ,v3,0.45299999999999996,0.74,arabiensis,,arabiensis,-12.02934,1.6903071,-17.025507,-5.9376373,8.524945,6.2236,-7.9348264,2.9950302,3.2083745,-6.1608157
2317,BL0153-C,Plate_C_B6,Bilali Kabula,Tanzania,Muleba,2015,6,-1.962,31.651,F,AG1000G-TZ,v3,0.445,0.73,arabiensis,,arabiensis,-19.197626,25.067764,-20.388197,18.780796,14.331009,-3.6813824,-0.7242416,4.1570435,5.398934,-0.7935455
2318,BL0154-C,Plate_C_C6,Bilali Kabula,Tanzania,Muleba,2015,6,-1.962,31.651,F,AG1000G-TZ,v3,0.45399999999999996,0.74,arabiensis,,arabiensis,-19.677952,16.417631,-16.890276,18.830242,-14.134261,-1.483267,7.385116,10.990647,0.21680115,11.778177
2319,BL0155-C,Plate_C_D6,Bilali Kabula,Tanzania,Muleba,2015,6,-1.962,31.651,F,AG1000G-TZ,v3,0.457,0.743,arabiensis,,arabiensis,-19.589718,11.054157,1.5209072,-5.491434,13.971462,-12.209037,9.773759,5.0833306,-26.86651,-32.839703
2320,BL0156-C,Plate_C_E6,Bilali Kabula,Tanzania,Muleba,2015,6,-1.962,31.651,F,AG1000G-TZ,v3,0.451,0.7390000000000001,arabiensis,,arabiensis,-16.731424,14.003777,-51.73022,6.576086,-40.1497,-16.177586,29.263968,15.652461,-10.009735,72.48358
2321,BL0157-C,Plate_C_F6,Bilali Kabula,Tanzania,Muleba,2015,6,-1.962,31.651,F,AG1000G-TZ,v3,0.461,0.75,arabiensis,,arabiensis,-15.381805,18.24723,-24.443134,32.06011,-0.41374037,-40.79898,1.0542345,50.60955,-1.6650057,-19.589283
2322,BL0158-C,Plate_D_A1,Bilali Kabula,Tanzania,Muleba,2015,6,-1.962,31.651,F,AG1000G-TZ,v3,0.457,0.7490000000000001,arabiensis,,arabiensis,-20.462296,22.792236,-14.918722,-2.771234,-22.91257,15.199018,-16.75803,18.29022,13.723475,-5.6752434
2323,BL0159-C,Plate_D_B1,Bilali Kabula,Tanzania,Muleba,2015,6,-1.962,31.651,F,AG1000G-TZ,v3,0.45799999999999996,0.75,arabiensis,,arabiensis,-19.586416,8.005754,-13.920366,-42.77617,63.09545,19.04315,-15.237457,25.002296,32.460247,17.13863
2324,BL0161-C,Plate_D_F1,Bilali Kabula,Tanzania,Muleba,2015,6,-1.962,31.651,F,AG1000G-TZ,v3,0.457,0.748,arabiensis,,arabiensis,-26.081621,16.902817,-6.7847586,-76.52648,-0.2199448,15.923589,-24.323149,29.874077,44.566795,11.642661
2325,BL0163-C,Plate_D_A2,Bilali Kabula,Tanzania,Muleba,2015,6,-1.962,31.651,F,AG1000G-TZ,v3,0.457,0.748,arabiensis,,arabiensis,-20.125204,21.582363,-11.938348,39.946365,-19.124052,37.8337,-6.6062484,-0.37631878,0.3631623,-9.028265
2326,BL0164-C,Plate_D_C2,Bilali Kabula,Tanzania,Muleba,2015,6,-1.962,31.651,F,AG1000G-TZ,v3,0.455,0.75,arabiensis,,arabiensis,-21.780144,10.7089815,-3.227904,-22.884537,48.82372,-2.6195374,-1.9906977,14.599519,17.789202,25.275618
2327,BL0165-C,Plate_D_E2,Bilali Kabula,Tanzania,Muleba,2015,6,-1.962,31.651,F,AG1000G-TZ,v3,0.46,0.75,arabiensis,,arabiensis,-17.305817,13.263784,-47.99694,29.924147,-16.048122,-9.985528,20.194366,26.948444,0.95659256,34.984264
2328,BL0166-C,Plate_D_F2,Bilali Kabula,Tanzania,Muleba,2015,6,-1.962,31.651,F,AG1000G-TZ,v3,0.457,0.7509999999999999,arabiensis,,arabiensis,-16.920597,8.8004465,-35.30628,8.856668,-10.913131,15.845874,-7.658196,-1.5442748,6.228139,12.293702
2329,BL0167-C,Plate_D_G2,Bilali Kabula,Tanzania,Muleba,2015,6,-1.962,31.651,F,AG1000G-TZ,v3,0.46,0.75,arabiensis,,arabiensis,-20.84494,25.866646,-64.22868,-35.223328,-37.75598,-25.074598,-6.787562,19.197073,1.7330791,3.2147284
2330,BL0168-C,Plate_D_H2,Bilali Kabula,Tanzania,Muleba,2015,6,-1.962,31.651,F,AG1000G-TZ,v3,0.456,0.7509999999999999,arabiensis,,arabiensis,-19.581554,19.036676,-30.958326,10.916738,2.7266438,-19.200546,1.191303,17.335613,13.081537,1.4791857
2331,BL0169-C,Plate_D_A3,Bilali Kabula,Tanzania,Muleba,2015,6,-1.962,31.651,F,AG1000G-TZ,v3,0.456,0.747,arabiensis,,arabiensis,-10.54978,13.619041,-79.235374,-58.59013,-48.454483,-27.978073,-26.35341,-20.454641,-13.168744,-21.280775
2332,BL0170-C,Plate_B_A1,Bilali Kabula,Tanzania,Muleba,2015,6,-1.962,31.651,F,AG1000G-TZ,v3,0.45899999999999996,0.75,arabiensis,,arabiensis,-14.266055,9.225574,-14.989778,3.1532924,-9.574477,-14.091988,-1.9507738,9.383329,8.451914,22.371017
2333,BL0171-C,Plate_B_B1,Bilali Kabula,Tanzania,Muleba,2015,6,-1.962,31.651,F,AG1000G-TZ,v3,0.456,0.75,arabiensis,,arabiensis,-19.686653,6.540677,-47.480045,-39.890087,-87.67886,-5.307316,-4.244705,8.814109,7.2196054,11.343954
2334,BL0172-C,Plate_B_C1,Bilali Kabula,Tanzania,Muleba,2015,6,-1.962,31.651,F,AG1000G-TZ,v3,0.45899999999999996,0.75,arabiensis,,arabiensis,-18.14687,21.163683,-18.61268,22.0312,-6.652021,-1.61401,1.8793215,16.42081,14.207724,7.839393
2335,BL0173-C,Plate_B_D1,Bilali Kabula,Tanzania,Muleba,2015,6,-1.962,31.651,F,AG1000G-TZ,v3,0.45299999999999996,0.7490000000000001,arabiensis,,arabiensis,-21.937752,1.9673775,-59.66763,-49.37556,108.42569,34.077,-24.802223,-15.0062275,14.644196,-43.32643
2336,BL0176-C,Plate_B_G1,Bilali Kabula,Tanzania,Muleba,2015,6,-1.962,31.651,F,AG1000G-TZ,v3,0.457,0.7490000000000001,arabiensis,,arabiensis,-23.98764,28.279882,2.1657722,4.8505864,-2.6822789,-25.54871,4.378562,38.436394,19.089123,-10.543086
2337,BL0177-C,Plate_B_H1,Bilali Kabula,Tanzania,Muleba,2015,6,-1.962,31.651,F,AG1000G-TZ,v3,0.45399999999999996,0.748,arabiensis,,arabiensis,-20.087946,22.066456,16.379124,21.651165,10.456035,-37.66806,16.578938,-26.523783,-22.857496,-15.240442
2338,BL0178-C,Plate_B_A3,Bilali Kabula,Tanzania,Muleba,2015,6,-1.962,31.651,F,AG1000G-TZ,v3,0.461,0.7490000000000001,arabiensis,,arabiensis,-3.586516,16.633698,-13.362037,-2.3568563,2.153453,33.327564,14.202639,10.281452,-15.754872,-8.967594
2339,BL0180-C,Plate_B_C3,Bilali Kabula,Tanzania,Muleba,2015,6,-1.962,31.651,F,AG1000G-TZ,v3,0.45899999999999996,0.747,arabiensis,,arabiensis,-22.262634,-6.825361,-9.51698,-43.849136,-3.426565,4.0125327,3.2284262,12.503203,-17.764624,-13.561412
2340,BL0182-C,Plate_A_A5,Bilali Kabula,Tanzania,Muleba,2015,3,-1.962,31.651,F,AG1000G-TZ,v3,0.452,0.748,arabiensis,,arabiensis,-18.410591,13.467761,-21.893814,39.999653,8.653111,-33.54095,4.249387,67.90874,3.613293,-42.819138
2341,BL0183-C,Plate_A_B5,Bilali Kabula,Tanzania,Muleba,2015,3,-1.962,31.651,F,AG1000G-TZ,v3,0.455,0.7509999999999999,arabiensis,,arabiensis,-13.948557,11.361287,-2.8808498,11.690303,-14.563631,9.282069,-6.5065494,1.8680797,14.415551,-14.883211
2342,BL0184-C,Plate_A_E5,Bilali Kabula,Tanzania,Muleba,2015,3,-1.962,31.651,F,AG1000G-TZ,v3,0.461,0.75,arabiensis,,arabiensis,-15.887696,11.807621,0.44447896,11.4712105,25.44273,3.908188,3.962824,27.524837,1.6573093,16.433353
2343,BL0185-C,Plate_A_F5,Bilali Kabula,Tanzania,Muleba,2015,3,-1.962,31.651,F,AG1000G-TZ,v3,0.456,0.7509999999999999,arabiensis,,arabiensis,-10.491546,23.059967,-30.871313,10.067686,-20.913542,-23.927717,19.331203,12.224391,6.62433,36.770546
2344,BL0186-C,Plate_A_G5,Bilali Kabula,Tanzania,Muleba,2015,3,-1.962,31.651,F,AG1000G-TZ,v3,0.45899999999999996,0.75,arabiensis,,arabiensis,-14.655207,18.04727,-24.584831,34.979485,-22.567383,37.262688,-6.1862636,-22.184227,24.580238,-2.4246197
2345,BL0187-C,Plate_A_H5,Bilali Kabula,Tanzania,Muleba,2015,3,-1.962,31.651,F,AG1000G-TZ,v3,0.46299999999999997,0.748,arabiensis,,arabiensis,-16.123844,0.18731855,-71.29548,-22.549973,79.436005,13.864844,-1.716108,-82.84183,-37.570614,-46.353134
2346,BL0189-C,Plate_A_B6,Bilali Kabula,Tanzania,Muleba,2015,4,-1.962,31.651,F,AG1000G-TZ,v3,0.456,0.7440000000000001,arabiensis,,arabiensis,-25.842335,51.4089,55.102623,38.231377,-23.727367,-18.009825,46.736614,-157.56105,-39.197956,-13.630054
2347,BL0190-C,Plate_A_C6,Bilali Kabula,Tanzania,Muleba,2015,4,-1.962,31.651,F,AG1000G-TZ,v3,0.45899999999999996,0.748,arabiensis,,arabiensis,-14.922426,21.684725,-35.019653,-65.380745,-63.115425,-8.656997,-15.830621,13.509378,11.675356,-6.9253793
2348,BL0192-C,Plate_A_F6,Bilali Kabula,Tanzania,Muleba,2015,4,-1.962,31.651,F,AG1000G-TZ,v3,0.456,0.748,arabiensis,,arabiensis,-15.465864,17.411564,-17.2222,27.436434,-3.5836658,-16.056519,3.8052769,31.859123,5.441569,-12.309568
2349,BL0193-C,Plate_A_G6,Bilali Kabula,Tanzania,Muleba,2015,4,-1.962,31.651,F,AG1000G-TZ,v3,0.457,0.747,arabiensis,,arabiensis,-19.239271,18.803038,-8.35255,71.228325,19.876238,-40.084785,6.1923347,82.10686,-1.3231137,-40.87505
2350,BL0230-C,Plate_B_H10,Bilali Kabula,Tanzania,Muleba,2015,6,-1.962,31.651,F,AG1000G-TZ,v3,0.461,0.7509999999999999,arabiensis,,arabiensis,-13.16047,20.01926,-11.151938,30.693506,-33.48441,38.916317,-13.0916,-16.890766,3.7312818,-16.015566
2351,BL0231-C,Plate_B_A11,Bilali Kabula,Tanzania,Muleba,2015,6,-1.962,31.651,F,AG1000G-TZ,v3,0.45799999999999996,0.748,arabiensis,,arabiensis,-17.963009,-0.8145547,-4.8160195,31.174442,20.451591,-14.207221,13.357981,-5.4707084,2.818704,9.378504
2352,BL0232-C,Plate_B_B11,Bilali Kabula,Tanzania,Muleba,2015,6,-1.962,31.651,F,AG1000G-TZ,v3,0.46,0.75,arabiensis,,arabiensis,-18.958736,36.76563,-8.080576,-36.482872,-60.64322,-22.856512,-10.5428915,-4.1127234,3.1982815,-23.613848
2353,BL0233-C,Plate_B_C11,Bilali Kabula,Tanzania,Muleba,2015,6,-1.962,31.651,F,AG1000G-TZ,v3,0.456,0.748,arabiensis,,arabiensis,-22.912844,20.1672,-50.226044,-11.69307,31.985994,-17.029589,23.164696,-11.402004,-2.9921224,18.22587
2354,BL0234-C,Plate_E_B1,Bilali Kabula,Tanzania,Muleba,2015,6,-1.962,31.651,F,AG1000G-TZ,v3,0.45899999999999996,0.748,arabiensis,,arabiensis,-24.152935,27.488894,-9.83876,-31.928352,-37.69895,-5.2475595,-17.401566,17.175858,15.515968,-0.18595806
2355,BL0235-C,Plate_E_C1,Bilali Kabula,Tanzania,Muleba,2015,6,-1.962,31.651,F,AG1000G-TZ,v3,0.457,0.7509999999999999,arabiensis,,arabiensis,-17.493559,6.921235,-55.296516,16.494274,-11.24218,-10.735261,2.5088234,0.6366777,1.7873422,-6.8349295
2356,BL0236-C,Plate_E_E1,Bilali Kabula,Tanzania,Muleba,2015,6,-1.962,31.651,F,AG1000G-TZ,v3,0.45799999999999996,0.7490000000000001,arabiensis,,arabiensis,-21.534868,13.929181,-15.537746,16.229925,37.637665,-9.111039,6.2354884,3.4155066,9.071292,3.6415849
2357,BL0238-C,Plate_E_G1,Bilali Kabula,Tanzania,Muleba,2015,6,-1.962,31.651,F,AG1000G-TZ,v3,0.462,0.7490000000000001,arabiensis,,arabiensis,-16.195173,24.150877,11.016035,13.97278,-17.624714,1.8961976,0.93298054,1.3450931,-8.518772,-6.6238437
2358,BL0239-C,Plate_E_H1,Bilali Kabula,Tanzania,Muleba,2015,6,-1.962,31.651,F,AG1000G-TZ,v3,0.46,0.75,arabiensis,,arabiensis,-19.347612,-0.6242408,-23.340937,13.942514,-12.6772175,42.599884,-11.485654,-10.13402,6.0281777,-5.485807
2359,BL0240-C,Plate_E_A2,Bilali Kabula,Tanzania,Muleba,2015,6,-1.962,31.651,F,AG1000G-TZ,v3,0.456,0.752,arabiensis,,arabiensis,-22.731924,21.744184,-23.129032,20.913284,1.4921321,-13.771629,-14.107328,34.041748,8.470835,-3.3459024
2360,BL0241-C,Plate_E_B2,Bilali Kabula,Tanzania,Muleba,2015,6,-1.962,31.651,F,AG1000G-TZ,v3,0.456,0.7509999999999999,arabiensis,,arabiensis,-17.45884,9.367009,-24.621012,-27.433271,-58.408802,-21.04315,-8.240141,25.655685,-0.80939656,13.133728
2361,BL0242-C,Plate_E_C2,Bilali Kabula,Tanzania,Muleba,2015,6,-1.962,31.651,F,AG1000G-TZ,v3,0.45799999999999996,0.75,arabiensis,,arabiensis,-19.322962,16.433367,-13.556773,41.2783,1.7302822,-37.27231,5.354179,27.36081,-22.405603,-24.902054
2362,BL0243-C,Plate_E_D2,Bilali Kabula,Tanzania,Muleba,2015,6,-1.962,31.651,F,AG1000G-TZ,v3,0.45299999999999996,0.7490000000000001,arabiensis,,arabiensis,-25.45554,9.770242,-12.925322,-34.10044,50.59474,17.827076,-17.187658,9.370425,38.10174,27.31375
2363,BL0244-C,Plate_E_E2,Bilali Kabula,Tanzania,Muleba,2015,6,-1.962,31.651,F,AG1000G-TZ,v3,0.46399999999999997,0.748,arabiensis,,arabiensis,-23.567457,48.520466,51.318897,44.44411,-21.28742,-36.419888,47.19171,-146.32532,-44.643047,-21.634241
2364,BL0246-C,M_330_l,David Weetman,Tanzania,Moshi,2012,8,-3.4819999999999998,37.308,F,AG1000G-TZ,v3,0.45399999999999996,0.752,arabiensis,,arabiensis,-22.708082,44.18277,30.387321,39.871452,8.6142845,-20.609724,3.8187144,17.33466,0.044004224,-11.419019
2365,BL0247-C,M_387_l,David Weetman,Tanzania,Moshi,2012,8,-3.4819999999999998,37.308,F,AG1000G-TZ,v3,0.45399999999999996,0.752,arabiensis,,arabiensis,-27.247938,46.84372,39.311954,-16.171219,-8.481791,-6.548599,9.300176,-29.598867,-17.163767,-11.623361
2366,BL0251-C,M_380_l,David Weetman,Tanzania,Moshi,2012,8,-3.4819999999999998,37.308,F,AG1000G-TZ,v3,0.456,0.7490000000000001,arabiensis,,arabiensis,-23.29041,42.769962,25.752066,16.482319,-1.3163959,-13.232348,-1.5047708,23.909355,-6.817753,-17.552353
2367,BL0252-C,M_332_l,David Weetman,Tanzania,Moshi,2012,8,-3.4819999999999998,37.308,F,AG1000G-TZ,v3,0.461,0.7509999999999999,arabiensis,,arabiensis,-26.10722,48.58196,32.888515,11.694273,-5.022099,5.355138,-3.589529,-3.8772893,-5.4913163,-6.205922
2368,BL0253-C,M_383_l,David Weetman,Tanzania,Moshi,2012,8,-3.4819999999999998,37.308,F,AG1000G-TZ,v3,0.45799999999999996,0.75,arabiensis,,arabiensis,-28.224377,47.449146,51.829357,-9.867918,16.934685,12.940055,-3.5203335,-45.206226,1.0109537,-7.0656157
2369,BL0254-C,M_348_l,David Weetman,Tanzania,Moshi,2012,8,-3.4819999999999998,37.308,F,AG1000G-TZ,v3,0.46,0.7509999999999999,arabiensis,,arabiensis,-30.403257,41.730366,54.089333,-43.04493,21.2052,13.575719,-14.306173,-21.901587,0.06774137,9.075905
2370,BL0255-C,M_376_l,David Weetman,Tanzania,Moshi,2012,8,-3.4819999999999998,37.308,F,AG1000G-TZ,v3,0.45399999999999996,0.75,arabiensis,,arabiensis,-30.656506,43.98095,52.573654,-32.558502,19.013437,4.689408,0.28030238,-12.0436535,4.4421406,5.921376
2371,BL0256-C,M_349_l,David Weetman,Tanzania,Moshi,2012,8,-3.4819999999999998,37.308,F,AG1000G-TZ,v3,0.45899999999999996,0.7490000000000001,arabiensis,,arabiensis,-22.70075,35.309483,15.374521,-12.224572,-8.895653,9.590849,-7.881338,2.746228,0.70230925,0.40887567
2372,BL0257-C,M_385_l,David Weetman,Tanzania,Moshi,2012,8,-3.4819999999999998,37.308,F,AG1000G-TZ,v3,0.45399999999999996,0.7509999999999999,arabiensis,,arabiensis,-28.465384,41.861248,4.141448,-1.5956569,6.109062,-2.60908,2.374684,10.114006,-1.0530183,0.8567542
2373,BL0258-C,M_394_l,David Weetman,Tanzania,Moshi,2012,8,-3.4819999999999998,37.308,F,AG1000G-TZ,v3,0.457,0.7509999999999999,arabiensis,,arabiensis,-25.191336,43.25077,24.402544,13.223857,9.747313,-7.8002024,5.393727,8.514727,1.4227196,-7.876175
2374,BL0259-C,M_360_l,David Weetman,Tanzania,Moshi,2012,8,-3.4819999999999998,37.308,F,AG1000G-TZ,v3,0.45299999999999996,0.75,arabiensis,,arabiensis,-26.431728,41.753822,51.369152,-24.160955,17.52116,28.407719,-19.538204,-14.719482,6.4593806,-2.5727785
2375,BL0260-C,M_340_l,David Weetman,Tanzania,Moshi,2012,8,-3.4819999999999998,37.308,F,AG1000G-TZ,v3,0.456,0.7509999999999999,arabiensis,,arabiensis,-24.116192,44.6326,47.30261,-22.44272,12.06138,20.373304,-7.8829947,-13.067267,8.455569,8.030445
2376,BL0261-C,M_266_l,David Weetman,Tanzania,Moshi,2012,8,-3.4819999999999998,37.308,F,AG1000G-TZ,v3,0.45799999999999996,0.7509999999999999,arabiensis,,arabiensis,-25.463816,40.11545,41.966297,10.420686,3.9810672,1.0473155,-1.4282733,-6.311847,-3.2600064,-14.978124
2377,BL0263-C,M_307_l,David Weetman,Tanzania,Moshi,2012,8,-3.4819999999999998,37.308,F,AG1000G-TZ,v3,0.45799999999999996,0.75,arabiensis,,arabiensis,-25.173279,58.517876,64.49632,-7.6618896,4.3542347,-3.507288,3.0409935,-24.930834,-17.077984,0.46523455
2378,BL0264-C,M_260_l,David Weetman,Tanzania,Moshi,2012,8,-3.4819999999999998,37.308,F,AG1000G-TZ,v3,0.45399999999999996,0.7490000000000001,arabiensis,,arabiensis,-23.287989,52.222584,35.89655,-1.4833817,-3.5201755,2.4318938,-2.3228385,17.24036,10.495929,19.381773
2379,BL0266-C,M_276_l,David Weetman,Tanzania,Moshi,2012,8,-3.4819999999999998,37.308,F,AG1000G-TZ,v3,0.46,0.752,arabiensis,,arabiensis,-26.774422,45.029446,43.98613,20.543118,0.48744294,-4.9911175,3.8973994,5.4937105,-1.8006227,-4.5164495
2380,BL0267-C,M_261_l,David Weetman,Tanzania,Moshi,2012,8,-3.4819999999999998,37.308,F,AG1000G-TZ,v3,0.45799999999999996,0.748,arabiensis,,arabiensis,-31.056843,38.230827,38.94035,-21.635569,-6.6910343,14.673826,-3.110788,-19.198349,1.9383116,-0.87348574
2381,BL0269-C,M_286_l,David Weetman,Tanzania,Moshi,2012,8,-3.4819999999999998,37.308,F,AG1000G-TZ,v3,0.457,0.7509999999999999,arabiensis,,arabiensis,-27.26126,31.876287,35.6229,20.77455,9.797084,-7.657182,4.475394,40.13741,-3.3323424,-17.592754
2382,BL0271-C,M_647_d,David Weetman,Tanzania,Moshi,2012,8,-3.4819999999999998,37.308,F,AG1000G-TZ,v3,0.46299999999999997,0.75,arabiensis,,arabiensis,-26.015686,49.06919,41.80059,15.00173,7.3877997,-9.397533,-4.1089673,20.7166,1.3403198,-15.101998
2383,BL0272-C,M_653_d,David Weetman,Tanzania,Moshi,2012,8,-3.4819999999999998,37.308,F,AG1000G-TZ,v3,0.46299999999999997,0.7509999999999999,arabiensis,,arabiensis,-21.231415,37.591484,39.098938,10.563821,14.786361,-8.686987,-3.0811667,8.638066,-7.904572,-13.646873
2384,BL0273-C,M_644_d,David Weetman,Tanzania,Moshi,2012,8,-3.4819999999999998,37.308,F,AG1000G-TZ,v3,0.456,0.75,arabiensis,,arabiensis,-26.655378,45.085854,35.042946,37.6664,4.7724576,-6.901865,0.15529563,17.955553,-13.815905,-19.586117
2385,BL0275-C,M_636_d,David Weetman,Tanzania,Moshi,2012,8,-3.4819999999999998,37.308,F,AG1000G-TZ,v3,0.457,0.75,arabiensis,,arabiensis,-25.369608,35.41957,31.880684,-28.150118,6.348377,-5.596858,-8.7316675,-3.2190757,1.7873425,3.1402736
2386,BL0276-C,M_638_d,David Weetman,Tanzania,Moshi,2012,8,-3.4819999999999998,37.308,F,AG1000G-TZ,v3,0.45399999999999996,0.7509999999999999,arabiensis,,arabiensis,-26.445341,52.132545,46.04656,4.8222084,3.8698995,-11.267951,6.1562624,-29.277012,-3.2802737,-13.102626
2387,BL0277-C,M_650_d,David Weetman,Tanzania,Moshi,2012,8,-3.4819999999999998,37.308,F,AG1000G-TZ,v3,0.461,0.7509999999999999,arabiensis,,arabiensis,-24.012722,35.667896,31.093811,6.1271634,-23.796644,0.83601034,10.712178,-36.0325,-12.038751,-10.900641
2388,BL0278-C,M_709_d,David Weetman,Tanzania,Moshi,2012,8,-3.4819999999999998,37.308,F,AG1000G-TZ,v3,0.45299999999999996,0.752,arabiensis,,arabiensis,-24.461304,40.50604,31.28624,20.408146,-8.526769,11.389014,1.4854261,-7.182069,4.243381,-0.35899746
2389,BL0280-C,M_717_d,David Weetman,Tanzania,Moshi,2012,8,-3.4819999999999998,37.308,F,AG1000G-TZ,v3,0.456,0.748,arabiensis,,arabiensis,-29.397701,55.922005,85.216255,-42.44357,11.713372,9.713824,-4.4269676,-19.460098,-21.75472,29.74034
2390,BL0281-C,M_704_d,David Weetman,Tanzania,Moshi,2012,8,-3.4819999999999998,37.308,F,AG1000G-TZ,v3,0.457,0.752,arabiensis,,arabiensis,-21.29382,48.94977,29.430422,4.185187,16.41736,-12.144439,-3.2817335,1.7324395,-0.77406305,-6.195494
2391,BL0282-C,M_696_d,David Weetman,Tanzania,Moshi,2012,8,-3.4819999999999998,37.308,F,AG1000G-TZ,v3,0.45799999999999996,0.75,arabiensis,,arabiensis,-23.922476,53.49644,52.85413,-1.0865386,7.9147015,-0.20576702,10.584243,-7.0388446,-16.99234,-0.350736
2392,BL0283-C,M_691_d,David Weetman,Tanzania,Moshi,2012,8,-3.4819999999999998,37.308,F,AG1000G-TZ,v3,0.455,0.7490000000000001,arabiensis,,arabiensis,-28.386377,41.767075,11.912712,-16.195705,-31.883415,-24.293192,-7.5709515,37.45588,11.1323595,-17.70092
2393,BL0284-C,M_726_d,David Weetman,Tanzania,Moshi,2012,8,-3.4819999999999998,37.308,F,AG1000G-TZ,v3,0.46,0.7490000000000001,arabiensis,,arabiensis,-27.821949,44.269573,11.939458,6.202783,7.6753955,-4.50896,6.600725,6.719779,-5.230054,2.297506
2394,BL0285-C,M_718_d,David Weetman,Tanzania,Moshi,2012,8,-3.4819999999999998,37.308,F,AG1000G-TZ,v3,0.46,0.75,arabiensis,,arabiensis,-30.656534,31.802303,50.760624,-50.066303,19.134039,18.07381,-17.533222,5.100734,9.0667305,-4.870675
2395,BL0286-C,M_720_d,David Weetman,Tanzania,Moshi,2012,8,-3.4819999999999998,37.308,F,AG1000G-TZ,v3,0.45899999999999996,0.75,arabiensis,,arabiensis,-27.082966,41.7656,36.600628,2.449249,3.5404966,-1.7817082,4.7826486,-24.303574,7.145295,1.0782894
2396,BL0287-C,M_681_d,David Weetman,Tanzania,Moshi,2012,8,-3.4819999999999998,37.308,F,AG1000G-TZ,v3,0.456,0.7509999999999999,arabiensis,,arabiensis,-25.615524,40.61541,30.115673,7.8152604,18.461676,9.657829,-7.275391,3.707794,-0.3833503,-28.376667
2397,BL0288-C,M_721_d,David Weetman,Tanzania,Moshi,2012,8,-3.4819999999999998,37.308,F,AG1000G-TZ,v3,0.465,0.7509999999999999,arabiensis,,arabiensis,-23.10168,39.27408,27.140217,0.45488995,14.378806,-13.063317,4.5822163,6.2617364,6.9623027,-4.744504
2398,BL0290-C,M_711_d,David Weetman,Tanzania,Moshi,2012,8,-3.4819999999999998,37.308,F,AG1000G-TZ,v3,0.45899999999999996,0.7509999999999999,arabiensis,,arabiensis,-29.75753,41.65995,-5.7037296,-28.483934,-52.47383,-11.283294,-2.3263285,-21.532604,-4.417279,5.6035085
2399,BL0291-C,M_712_d,David Weetman,Tanzania,Moshi,2012,8,-3.4819999999999998,37.308,F,AG1000G-TZ,v3,0.457,0.75,arabiensis,,arabiensis,-26.173698,48.68207,30.126862,22.374647,2.9160142,6.781748,-18.10623,57.976105,9.52535,-11.845748
2400,BL0292-C,M_715_d,David Weetman,Tanzania,Moshi,2012,8,-3.4819999999999998,37.308,F,AG1000G-TZ,v3,0.462,0.7509999999999999,arabiensis,,arabiensis,-30.203186,35.34921,45.693626,-30.117704,-19.236479,4.8310084,-6.7745314,-12.696253,-4.097923,0.7266732
2401,BL0293-C,M_757_d,David Weetman,Tanzania,Moshi,2012,8,-3.4819999999999998,37.308,F,AG1000G-TZ,v3,0.45299999999999996,0.75,arabiensis,,arabiensis,-23.785137,48.681873,32.12601,21.079317,-14.113044,19.250328,-11.471732,-13.490009,3.0110154,-4.224773
2402,BL0294-C,M_748_d,David Weetman,Tanzania,Moshi,2012,8,-3.4819999999999998,37.308,F,AG1000G-TZ,v3,0.46299999999999997,0.7509999999999999,arabiensis,,arabiensis,-23.767767,58.50878,32.300915,24.958824,-0.9177201,-15.1806345,4.6583524,18.859125,-6.5442834,-10.191417
2403,BL0296-C,T_1s,David Weetman,Tanzania,Tarime,2012,8,-1.431,34.199,F,AG1000G-TZ,v3,0.455,0.7490000000000001,arabiensis,,arabiensis,-25.812445,10.199803,3.1621222,-37.22907,39.79912,17.330984,-4.7003655,7.982159,13.325897,-2.4895918
2404,BL0297-C,T_2s,David Weetman,Tanzania,Tarime,2012,8,-1.431,34.199,F,AG1000G-TZ,v3,0.456,0.7509999999999999,arabiensis,,arabiensis,-22.729092,14.25724,-11.708624,-55.612648,-37.690422,-16.230991,-10.964309,-24.085081,-23.369423,-32.963623
2405,BL0298-C,T_3s,David Weetman,Tanzania,Tarime,2012,8,-1.431,34.199,F,AG1000G-TZ,v3,0.457,0.748,arabiensis,,arabiensis,-22.717035,13.868877,-28.606628,-12.668443,61.1055,17.666437,-9.187432,19.032415,36.8021,17.373922
2406,BL0299-C,T_4s,David Weetman,Tanzania,Tarime,2012,8,-1.431,34.199,F,AG1000G-TZ,v3,0.45799999999999996,0.7490000000000001,arabiensis,,arabiensis,-22.438128,18.33651,-47.790787,-17.437464,21.314697,-20.262865,15.056716,-5.532119,-24.72564,-15.140154
2407,BL0300-C,T_5s,David Weetman,Tanzania,Tarime,2012,8,-1.431,34.199,F,AG1000G-TZ,v3,0.462,0.748,arabiensis,,arabiensis,-23.724905,22.374695,-19.537127,-9.402355,28.049458,27.555267,-13.474556,11.69857,35.71429,10.540962
2408,BL0301-C,T_6s,David Weetman,Tanzania,Tarime,2012,8,-1.431,34.199,F,AG1000G-TZ,v3,0.45899999999999996,0.75,arabiensis,,arabiensis,-22.175093,10.660391,-25.319921,35.01529,-22.632587,27.581554,-3.9659598,-15.543593,2.030825,-1.1686144
2409,BL0302-C,T_7s,David Weetman,Tanzania,Tarime,2012,8,-1.431,34.199,F,AG1000G-TZ,v3,0.46,0.7509999999999999,arabiensis,,arabiensis,-23.990705,14.723284,1.9616603,-20.64423,50.341084,24.250362,-10.706073,17.006336,20.70872,12.781843
2410,BL0303-C,T_8s,David Weetman,Tanzania,Tarime,2012,8,-1.431,34.199,F,AG1000G-TZ,v3,0.452,0.75,arabiensis,,arabiensis,-17.033466,1.4490337,-23.4792,-4.1330986,0.5846341,2.0930252,0.40279996,-8.041044,11.766887,-2.809789
2411,BL0304-C,T_9s,David Weetman,Tanzania,Tarime,2012,8,-1.431,34.199,F,AG1000G-TZ,v3,0.45799999999999996,0.7490000000000001,arabiensis,,arabiensis,-22.662706,15.329694,-8.346276,-9.431222,-18.445314,-27.681337,-2.9414294,8.175774,16.637457,-5.2937684
2412,BL0305-C,T_10s,David Weetman,Tanzania,Tarime,2012,8,-1.431,34.199,F,AG1000G-TZ,v3,0.45799999999999996,0.75,arabiensis,,arabiensis,-21.344456,18.5268,6.130422,27.41086,11.850041,-20.674793,-6.3707843,35.86124,5.7248006,-17.635176
2413,BL0306-C,T_11s,David Weetman,Tanzania,Tarime,2012,8,-1.431,34.199,F,AG1000G-TZ,v3,0.457,0.7490000000000001,arabiensis,,arabiensis,-14.316704,6.707462,-19.357525,37.124783,19.378914,-13.4976225,4.1894035,9.049664,17.394394,-9.831983
2414,BL0307-C,T_12s,David Weetman,Tanzania,Tarime,2012,8,-1.431,34.199,F,AG1000G-TZ,v3,0.46,0.75,arabiensis,,arabiensis,-18.51276,3.7552202,-32.03449,35.690353,2.7246554,23.723635,10.30022,2.8020377,5.940506,0.05713069
2415,BL0308-C,T_13s,David Weetman,Tanzania,Tarime,2012,8,-1.431,34.199,F,AG1000G-TZ,v3,0.457,0.75,arabiensis,,arabiensis,-24.246231,-15.1108675,4.799474,-49.12909,31.138876,12.393307,-20.909727,24.688845,29.955162,19.553286
2416,BL0309-C,T_14s,David Weetman,Tanzania,Tarime,2012,8,-1.431,34.199,F,AG1000G-TZ,v3,0.45399999999999996,0.748,arabiensis,,arabiensis,-19.650421,14.285114,-6.3512745,10.074773,-6.879341,-38.142952,1.4192624,9.865873,8.553228,-10.875414
2417,BL0310-C,T_15s,David Weetman,Tanzania,Tarime,2012,8,-1.431,34.199,F,AG1000G-TZ,v3,0.457,0.747,arabiensis,,arabiensis,-26.510452,16.993248,3.6380496,12.985743,-2.5065703,8.231159,8.949837,-27.815655,2.196491,-0.09852042
2418,BL0311-C,T_16s,David Weetman,Tanzania,Tarime,2012,8,-1.431,34.199,F,AG1000G-TZ,v3,0.45899999999999996,0.75,arabiensis,,arabiensis,-21.849073,-7.6798186,-29.086044,-1.0500551,-20.046915,39.881943,-11.752114,-21.604921,3.661204,-10.922679
2419,BL0312-C,T_17s,David Weetman,Tanzania,Tarime,2012,8,-1.431,34.199,F,AG1000G-TZ,v3,0.45399999999999996,0.7509999999999999,arabiensis,,arabiensis,-18.50888,-16.760986,-7.980579,-7.328565,13.000415,-21.929157,14.739064,-7.646559,22.19091,34.610405
2420,BL0313-C,T_18s,David Weetman,Tanzania,Tarime,2012,8,-1.431,34.199,F,AG1000G-TZ,v3,0.451,0.748,arabiensis,,arabiensis,-21.628147,23.383919,30.805674,10.487357,4.415611,-23.83473,6.546507,-12.859828,-26.010807,-9.519654
2421,BL0314-C,T_19s,David Weetman,Tanzania,Tarime,2012,8,-1.431,34.199,F,AG1000G-TZ,v3,0.45399999999999996,0.7509999999999999,arabiensis,,arabiensis,-15.380953,-7.620985,-32.97808,-7.7161093,-2.2657318,-15.754747,-0.8869552,7.448146,15.543341,16.421648
2422,BL0315-C,T_20s,David Weetman,Tanzania,Tarime,2012,8,-1.431,34.199,F,AG1000G-TZ,v3,0.45799999999999996,0.752,arabiensis,,arabiensis,-19.050611,27.170452,-7.1019416,2.9871712,15.52487,-9.560999,-11.3676195,-2.3798401,-5.621199,-26.455584
2423,BL0316-C,T_21s,David Weetman,Tanzania,Tarime,2012,8,-1.431,34.199,F,AG1000G-TZ,v3,0.45799999999999996,0.7490000000000001,arabiensis,,arabiensis,-15.89478,-0.29277748,-7.0806375,2.1551774,-6.8108997,-2.1746893,3.2521,-4.048579,-8.007219,2.0299778
2424,BL0317-C,T_22s,David Weetman,Tanzania,Tarime,2012,8,-1.431,34.199,F,AG1000G-TZ,v3,0.45899999999999996,0.748,arabiensis,,arabiensis,-20.487247,-3.5206807,-34.78203,-3.7014046,13.284173,2.1813035,17.970022,-23.859142,8.218388,4.5294037
2425,BL0318-C,T_23s,David Weetman,Tanzania,Tarime,2012,8,-1.431,34.199,F,AG1000G-TZ,v3,0.45899999999999996,0.75,arabiensis,,arabiensis,-15.5301895,8.06714,-34.506386,-15.31749,42.860855,-24.720434,1.5370586,-19.918728,-1.6910542,-14.369499
2426,BL0319-C,T_24s,David Weetman,Tanzania,Tarime,2012,8,-1.431,34.199,F,AG1000G-TZ,v3,0.45399999999999996,0.75,arabiensis,,arabiensis,-22.6042,9.571778,-8.918557,18.316246,-13.283733,21.598873,1.0520929,-8.540806,9.143075,5.4754715
2427,BL0320-C,T_25s,David Weetman,Tanzania,Tarime,2012,8,-1.431,34.199,F,AG1000G-TZ,v3,0.456,0.7490000000000001,arabiensis,,arabiensis,-24.39824,4.340206,-15.532749,38.525528,27.099403,-32.962162,8.658493,48.360348,15.3185835,-6.2854156
2428,BL0321-C,T_26s,David Weetman,Tanzania,Tarime,2012,8,-1.431,34.199,F,AG1000G-TZ,v3,0.45899999999999996,0.75,arabiensis,,arabiensis,-16.069366,7.241228,-3.4004216,13.031855,29.595596,-24.244165,11.348962,-9.37807,8.447798,3.9646387
2429,BL0322-C,T_27s,David Weetman,Tanzania,Tarime,2012,8,-1.431,34.199,F,AG1000G-TZ,v3,0.46,0.75,arabiensis,,arabiensis,-19.756006,22.741028,13.179348,47.797153,18.422047,-39.12633,10.731563,76.68608,-0.62808675,-36.074337
2431,BL0324-C,T_29s,David Weetman,Tanzania,Tarime,2012,8,-1.431,34.199,F,AG1000G-TZ,v3,0.46,0.75,arabiensis,,arabiensis,-17.10499,0.7932716,-54.481228,-19.573696,46.749897,-22.426563,28.11292,-19.398901,-15.161257,14.163565
2432,BL0325-C,T_30s,David Weetman,Tanzania,Tarime,2012,8,-1.431,34.199,F,AG1000G-TZ,v3,0.46,0.748,arabiensis,,arabiensis,-18.781849,-10.706114,-34.330082,15.077896,28.41054,-41.638668,13.094507,14.147612,-0.8979407,-3.3139849
2433,BL0326-C,T_31s,David Weetman,Tanzania,Tarime,2012,8,-1.431,34.199,F,AG1000G-TZ,v3,0.45399999999999996,0.748,arabiensis,,arabiensis,-23.757132,-7.6552296,-10.257624,-12.978187,32.539654,35.66732,-21.402573,-5.781023,2.3207889,-39.69515
2434,BL0327-C,T_32s,David Weetman,Tanzania,Tarime,2012,8,-1.431,34.199,F,AG1000G-TZ,v3,0.46,0.75,arabiensis,,arabiensis,-16.811707,13.210472,-3.8179686,8.159281,-13.357396,25.961779,-1.9731765,4.8611884,12.67386,15.737194
2435,BL0328-C,T_33s,David Weetman,Tanzania,Tarime,2012,8,-1.431,34.199,F,AG1000G-TZ,v3,0.457,0.75,arabiensis,,arabiensis,-14.055153,-3.075533,-10.920401,43.053596,-48.790268,68.14395,-15.625638,-35.13798,10.575027,-9.766612
2436,BL0332-C,T_37s,David Weetman,Tanzania,Tarime,2012,8,-1.431,34.199,F,AG1000G-TZ,v3,0.45299999999999996,0.738,arabiensis,,arabiensis,-18.733633,-1.9190476,24.536577,-7.9521923,18.870247,5.243406,2.480084,-25.781628,-18.903769,6.0447445
2437,BL0333-C,T_38s,David Weetman,Tanzania,Tarime,2012,8,-1.431,34.199,F,AG1000G-TZ,v3,0.45799999999999996,0.738,arabiensis,,arabiensis,-19.249397,-1.8271397,-6.9017873,52.34163,0.99083537,-5.1588984,-4.6923375,52.370766,5.6770706,-18.20266
2438,BL0334-C,T_39s,David Weetman,Tanzania,Tarime,2012,8,-1.431,34.199,F,AG1000G-TZ,v3,0.455,0.736,arabiensis,,arabiensis,-21.115705,5.843233,-0.0182177,22.990461,23.261145,-30.741985,23.314232,-9.166404,2.2374988,13.835765
2439,BL0335-C,T_40s,David Weetman,Tanzania,Tarime,2012,8,-1.431,34.199,F,AG1000G-TZ,v3,0.45299999999999996,0.737,arabiensis,,arabiensis,-21.436811,6.603308,-14.497811,21.121933,-25.512686,41.329857,-9.079104,-18.704792,5.2056212,-0.4822879
2440,BL0336-C,T_41s,David Weetman,Tanzania,Tarime,2012,8,-1.431,34.199,F,AG1000G-TZ,v3,0.451,0.74,arabiensis,,arabiensis,-22.698683,4.1239347,-7.9673486,6.105705,12.7943125,-7.670877,5.127777,3.317147,3.082158,1.012323
2441,BL0337-C,T_42s,David Weetman,Tanzania,Tarime,2012,8,-1.431,34.199,F,AG1000G-TZ,v3,0.45399999999999996,0.736,arabiensis,,arabiensis,-17.359097,-11.239135,-21.625885,2.2447898,17.934603,4.6725416,6.755962,0.5887528,7.989379,-14.064348
2443,BL0339-C,T_44s,David Weetman,Tanzania,Tarime,2012,8,-1.431,34.199,F,AG1000G-TZ,v3,0.451,0.736,arabiensis,,arabiensis,-15.244692,-1.2985967,-1.9001223,21.569077,4.113597,-27.079727,1.8906401,-1.7332224,-25.364239,-13.985486
2444,BL0340-C,T_45s,David Weetman,Tanzania,Tarime,2012,8,-1.431,34.199,F,AG1000G-TZ,v3,0.455,0.7390000000000001,arabiensis,,arabiensis,-17.661848,14.627544,-2.2234187,11.747291,27.584843,-15.838514,8.655122,-4.6316266,-13.118988,3.754311
2445,BL0341-C,T_46s,David Weetman,Tanzania,Tarime,2012,8,-1.431,34.199,F,AG1000G-TZ,v3,0.457,0.736,arabiensis,,arabiensis,-20.281286,11.816702,8.366676,-38.104095,-17.283468,-21.054964,1.9378593,-10.939018,-25.777952,-7.753209
2446,BL0342-C,T_47s,David Weetman,Tanzania,Tarime,2012,8,-1.431,34.199,F,AG1000G-TZ,v3,0.45,0.74,arabiensis,,arabiensis,-19.267927,1.8109744,1.0267812,-37.41999,47.454933,4.198023,-9.892705,26.342316,28.848907,28.571741
2447,BL0343-C,T_48s,David Weetman,Tanzania,Tarime,2012,8,-1.431,34.199,F,AG1000G-TZ,v3,0.455,0.737,arabiensis,,arabiensis,-21.089542,15.206077,-3.1189954,16.810583,-1.1248022,12.449969,0.729379,5.252861,10.8804245,2.4407182
2448,BL0344-C,T_49s,David Weetman,Tanzania,Tarime,2012,8,-1.431,34.199,F,AG1000G-TZ,v3,0.451,0.738,arabiensis,,arabiensis,-15.033502,14.346667,-47.53277,-3.2402012,20.010899,7.4882545,15.231445,-8.074592,-14.217211,-2.7172852
2449,BL0345-C,T_50s,David Weetman,Tanzania,Tarime,2012,8,-1.431,34.199,F,AG1000G-TZ,v3,0.456,0.738,arabiensis,,arabiensis,-19.201708,-23.27809,2.4627802,18.719925,-21.597176,-8.034674,14.211451,-9.226254,-18.759628,-3.566905
2473,BL0373-C,M_28,David Weetman,Tanzania,Muheza,2013,1,-4.94,38.948,F,AG1000G-TZ,v3,0.431,0.6859999999999999,arabiensis,,arabiensis,-30.460718,36.571865,56.528183,-41.972885,27.813688,12.631699,-16.636364,8.299108,12.247286,-1.9680516
2493,BL0250-CW,M_381_l,David Weetman,Tanzania,Moshi,2012,8,-3.4819999999999998,37.308,M,AG1000G-TZ,v3,0.45899999999999996,0.7440000000000001,arabiensis,,arabiensis,-24.59066,49.388927,33.636986,29.835592,8.457257,-8.0220785,12.946673,-5.0503955,-11.93537,-7.1079054
2494,AC0007-C,1_A2,Martin Donnelly,Uganda,Nagongera,2012,10,0.77,34.025999999999996,F,AG1000G-UG,v3,0.45799999999999996,0.741,arabiensis,,arabiensis,-16.301134,-67.84458,10.84811,19.955605,-28.862549,-0.9021017,1.3012798,43.210804,-27.043877,25.512014
2495,AC0008-C,1_A6,Martin Donnelly,Uganda,Nagongera,2012,10,0.77,34.025999999999996,F,AG1000G-UG,v3,0.456,0.74,arabiensis,,arabiensis,-13.881823,-55.66688,-9.732583,42.236572,-5.2196364,34.085564,-11.079572,-21.470968,-9.516603,10.668256
2496,AC0009-Cx,1_A7,Martin Donnelly,Uganda,Nagongera,2012,10,0.77,34.025999999999996,F,AG1000G-UG,v3,0.45799999999999996,0.746,arabiensis,,arabiensis,-11.106035,-53.841743,8.161243,26.2384,29.678753,-33.73818,10.110776,25.425005,42.42915,31.613708
2497,AC0010-C,1_A9,Martin Donnelly,Uganda,Nagongera,2012,10,0.77,34.025999999999996,F,AG1000G-UG,v3,0.452,0.743,arabiensis,,arabiensis,-19.312727,-50.83481,-13.619485,-37.06813,-25.963163,6.802833,-10.31121,2.2274864,-7.1652665,-24.808813
2498,AC0011-C,1_B5,Martin Donnelly,Uganda,Nagongera,2012,10,0.77,34.025999999999996,F,AG1000G-UG,v3,0.455,0.745,arabiensis,,arabiensis,-22.447624,-78.66933,12.933052,4.1773343,-1.5539201,28.299164,-22.956402,-7.8971877,19.58746,3.5163548
2499,AC0012-Cx,1_B6,Martin Donnelly,Uganda,Nagongera,2012,10,0.77,34.025999999999996,F,AG1000G-UG,v3,0.456,0.745,arabiensis,,arabiensis,-18.237011,-44.483406,14.532934,67.84812,-23.063309,33.384724,-0.3570627,-47.66224,-16.678667,-22.521736
2500,AC0013-Cx,1_B7,Martin Donnelly,Uganda,Nagongera,2012,10,0.77,34.025999999999996,F,AG1000G-UG,v3,0.45799999999999996,0.742,arabiensis,,arabiensis,-20.042463,-58.38051,0.4733507,14.873986,-5.1980333,26.559978,5.7330465,-41.941772,50.834736,44.312412
2501,AC0014-C,1_B9,Martin Donnelly,Uganda,Nagongera,2012,10,0.77,34.025999999999996,F,AG1000G-UG,v3,0.452,0.742,arabiensis,,arabiensis,-21.886549,-44.60846,20.543726,-21.582127,35.218433,32.44697,-18.345074,25.462404,25.855618,20.694187
2502,AC0015-C,1_B10,Martin Donnelly,Uganda,Nagongera,2012,10,0.77,34.025999999999996,F,AG1000G-UG,v3,0.456,0.741,arabiensis,,arabiensis,-19.335787,-88.93871,37.276077,-65.08547,-33.781677,-106.42338,37.31324,2.099318,-48.78943,-12.7775755
2503,AC0016-C,1_C2,Martin Donnelly,Uganda,Nagongera,2012,10,0.77,34.025999999999996,F,AG1000G-UG,v3,0.461,0.733,arabiensis,,arabiensis,-21.537136,-73.40722,21.291992,-14.432938,19.558,-4.0817924,-25.16937,21.20771,14.155272,3.0640483
2504,AC0017-C,1_C5,Martin Donnelly,Uganda,Nagongera,2012,10,0.77,34.025999999999996,F,AG1000G-UG,v3,0.46,0.745,arabiensis,,arabiensis,-15.644447,-41.561554,0.8601377,24.08742,8.070017,10.820139,3.9831069,13.703287,16.523151,-3.9900725
2505,AC0018-Cx,1_C6,Martin Donnelly,Uganda,Nagongera,2012,10,0.77,34.025999999999996,F,AG1000G-UG,v3,0.45899999999999996,0.747,arabiensis,,arabiensis,-17.922922,-54.047974,20.284796,7.0271153,23.79598,36.07733,-24.925291,23.86348,28.353539,33.29571
2506,AC0019-C,1_C8,Martin Donnelly,Uganda,Nagongera,2012,10,0.77,34.025999999999996,F,AG1000G-UG,v3,0.456,0.745,arabiensis,,arabiensis,-18.932903,-64.72912,1.182318,16.344482,-15.079138,15.367684,-2.0165615,-5.7539268,2.3980331,5.4609294
2507,AC0021-C,1_C10,Martin Donnelly,Uganda,Nagongera,2012,10,0.77,34.025999999999996,F,AG1000G-UG,v3,0.456,0.747,arabiensis,,arabiensis,-21.863615,-54.202827,4.882778,-22.157608,48.4477,-4.7240877,-4.4115925,14.888626,19.162777,15.271034
2508,AC0022-C,1_D1,Martin Donnelly,Uganda,Nagongera,2012,10,0.77,34.025999999999996,F,AG1000G-UG,v3,0.45399999999999996,0.74,arabiensis,,arabiensis,-18.602936,-69.13105,13.972277,-40.08278,-4.398689,12.37375,-11.2482605,-10.258639,-7.079667,-19.678947
2509,AC0023-C,1_D8,Martin Donnelly,Uganda,Nagongera,2012,10,0.77,34.025999999999996,F,AG1000G-UG,v3,0.45299999999999996,0.745,arabiensis,,arabiensis,-17.191053,-65.21559,24.23631,-12.947118,15.050047,1.468669,-3.7592254,2.6782126,28.150084,34.129097
2510,AC0024-Cx,1_D10,Martin Donnelly,Uganda,Nagongera,2012,10,0.77,34.025999999999996,F,AG1000G-UG,v3,0.45799999999999996,0.743,arabiensis,,arabiensis,-17.57411,-70.51325,6.429658,16.02223,8.299423,-8.562943,-3.99943,15.839322,-17.36079,-23.843597
2511,AC0025-C,1_D11,Martin Donnelly,Uganda,Nagongera,2012,10,0.77,34.025999999999996,F,AG1000G-UG,v3,0.457,0.7290000000000001,arabiensis,,arabiensis,-20.927412,-76.0153,40.137054,-41.588074,8.698279,-40.561657,6.361811,-39.522644,-35.853195,-59.960297
2512,AC0026-C,1_E2,Martin Donnelly,Uganda,Nagongera,2012,10,0.77,34.025999999999996,F,AG1000G-UG,v3,0.455,0.743,arabiensis,,arabiensis,-14.951906,-47.592606,18.14263,40.402836,2.8290265,-17.436144,17.29939,-23.328249,-24.310253,-3.1542354
2513,AC0027-C,1_E5,Martin Donnelly,Uganda,Nagongera,2012,10,0.77,34.025999999999996,F,AG1000G-UG,v3,0.451,0.743,arabiensis,,arabiensis,-8.837343,-51.23471,19.994385,34.223484,12.289655,-9.13706,3.6206677,3.3508775,-5.1260586,-0.5782495
2514,AC0028-C,1_E6,Martin Donnelly,Uganda,Nagongera,2012,10,0.77,34.025999999999996,F,AG1000G-UG,v3,0.457,0.741,arabiensis,,arabiensis,-11.597922,-30.410046,4.8782344,43.791306,-14.877528,17.492407,9.905635,27.285885,-5.8284383,14.941649
2515,AC0029-C,1_E8,Martin Donnelly,Uganda,Nagongera,2012,10,0.77,34.025999999999996,F,AG1000G-UG,v3,0.451,0.7190000000000001,arabiensis,,arabiensis,-18.183275,-52.421307,4.532609,-4.530926,-9.617896,29.8563,-2.1020558,1.5407941,-1.7323253,-15.282548
2516,AC0030-C,1_E9,Martin Donnelly,Uganda,Nagongera,2012,10,0.77,34.025999999999996,F,AG1000G-UG,v3,0.46,0.746,arabiensis,,arabiensis,-21.843668,-61.222015,17.450075,-24.325678,-4.182599,31.859762,-19.168581,14.463631,8.542315,-11.917885
2517,AC0031-Cx,1_F5,Martin Donnelly,Uganda,Nagongera,2012,10,0.77,34.025999999999996,F,AG1000G-UG,v3,0.449,0.745,arabiensis,,arabiensis,-16.065449,-68.67547,11.290712,33.917126,27.615105,7.405075,6.8213687,-7.9884715,25.828775,34.171238
2518,AC0032-C,1_F8,Martin Donnelly,Uganda,Nagongera,2012,10,0.77,34.025999999999996,F,AG1000G-UG,v3,0.45399999999999996,0.738,arabiensis,,arabiensis,-17.925703,-46.364697,-1.5791774,26.354723,-31.358452,64.89201,-8.083567,-16.087317,22.564016,12.117454
2519,AC0033-Cx,1_F10,Martin Donnelly,Uganda,Nagongera,2012,10,0.77,34.025999999999996,F,AG1000G-UG,v3,0.455,0.738,arabiensis,,arabiensis,-22.202682,-68.49721,41.010395,-89.99572,-59.71199,-69.52228,28.957798,7.5086355,-51.386116,-13.707868
2520,AC0034-C,1_G2,Martin Donnelly,Uganda,Nagongera,2012,10,0.77,34.025999999999996,F,AG1000G-UG,v3,0.46399999999999997,0.747,arabiensis,,arabiensis,-17.730171,-44.212406,20.919437,20.111797,-12.153745,-27.99916,1.2615978,41.609207,-3.1269963,-18.365583
2521,AC0035-C,1_G5,Martin Donnelly,Uganda,Nagongera,2012,10,0.77,34.025999999999996,F,AG1000G-UG,v3,0.45899999999999996,0.745,arabiensis,,arabiensis,-18.33105,-77.14028,19.284723,-21.730228,8.327217,-15.569399,1.7619787,4.2199297,17.914751,10.514459
2522,AC0036-C,1_G8,Martin Donnelly,Uganda,Nagongera,2012,10,0.77,34.025999999999996,F,AG1000G-UG,v3,0.457,0.743,arabiensis,,arabiensis,-22.221039,-86.97874,20.93863,-26.670263,-48.052505,19.727364,2.1773055,18.015194,-10.14553,17.476212
2523,AC0037-C,1_G9,Martin Donnelly,Uganda,Nagongera,2012,10,0.77,34.025999999999996,F,AG1000G-UG,v3,0.456,0.742,arabiensis,,arabiensis,-18.73456,-76.27179,23.416164,7.3372793,17.129778,-10.900794,9.619365,-2.1402311,22.674124,3.9781184
2524,AC0038-Cx,1_H4,Martin Donnelly,Uganda,Nagongera,2012,10,0.77,34.025999999999996,F,AG1000G-UG,v3,0.455,0.746,arabiensis,,arabiensis,-19.519653,-75.62579,17.18094,7.3665347,39.777164,-6.61751,-1.4232434,-0.0024189483,6.734216,-13.253702
2525,AC0039-C,1_H5,Martin Donnelly,Uganda,Nagongera,2012,10,0.77,34.025999999999996,F,AG1000G-UG,v3,0.46,0.746,arabiensis,,arabiensis,-22.941816,-91.308495,27.573162,13.04304,-12.834899,37.944706,-7.255289,-27.402126,37.53385,48.7204
2526,AC0040-C,1_H6,Martin Donnelly,Uganda,Nagongera,2012,10,0.77,34.025999999999996,F,AG1000G-UG,v3,0.461,0.7440000000000001,arabiensis,,arabiensis,-16.292423,-74.59743,32.21834,-8.457663,8.790856,-16.24338,0.77067405,17.046112,-31.093359,-0.017557986
2527,AC0041-Cx,1_H7,Martin Donnelly,Uganda,Nagongera,2012,10,0.77,34.025999999999996,F,AG1000G-UG,v3,0.462,0.745,arabiensis,,arabiensis,-25.904789,-85.06147,16.554232,-47.246754,28.439287,25.881668,-18.394144,7.3910313,11.246762,-12.863531
2528,AC0042-C,1_H9,Martin Donnelly,Uganda,Nagongera,2012,10,0.77,34.025999999999996,F,AG1000G-UG,v3,0.45799999999999996,0.742,arabiensis,,arabiensis,-20.144135,-76.26005,21.541365,17.48221,0.18584175,13.579748,20.775621,-54.659756,46.447624,39.983925
2529,AC0043-C,1_H12,Martin Donnelly,Uganda,Nagongera,2012,10,0.77,34.025999999999996,F,AG1000G-UG,v3,0.46,0.745,arabiensis,,arabiensis,-18.75623,-67.42858,15.2411,0.9912847,5.381105,12.54731,4.3341737,0.89403933,27.638887,27.94151
2530,AC0044-Cx,2_A3,Martin Donnelly,Uganda,Nagongera,2012,10,0.77,34.025999999999996,F,AG1000G-UG,v3,0.456,0.743,arabiensis,,arabiensis,-16.532425,-33.415207,-9.546921,14.641736,26.830723,-11.825361,12.394715,0.20685942,-13.1489935,8.105273
2531,AC0045-C,2_A5,Martin Donnelly,Uganda,Nagongera,2012,10,0.77,34.025999999999996,F,AG1000G-UG,v3,0.452,0.7440000000000001,arabiensis,,arabiensis,-17.86557,-49.451733,26.792204,-26.618017,15.669449,10.047314,-8.706817,49.725964,15.595991,44.056732
2532,AC0046-C,2_A7,Martin Donnelly,Uganda,Nagongera,2012,10,0.77,34.025999999999996,F,AG1000G-UG,v3,0.455,0.7440000000000001,arabiensis,,arabiensis,-21.638838,-79.70158,1.4280609,-39.310806,-26.91956,30.67686,-4.847003,-20.545134,-17.432318,-19.530788
2533,AC0047-C,2_A8,Martin Donnelly,Uganda,Nagongera,2012,10,0.77,34.025999999999996,F,AG1000G-UG,v3,0.45899999999999996,0.746,arabiensis,,arabiensis,-21.189085,-64.25037,-14.627981,12.804965,-14.236565,63.424934,-24.164824,-26.699223,5.585613,-20.519335
2534,AC0048-Cx,2_A10,Martin Donnelly,Uganda,Nagongera,2012,10,0.77,34.025999999999996,F,AG1000G-UG,v3,0.45799999999999996,0.74,arabiensis,,arabiensis,-16.280941,-50.78015,23.59338,16.823261,-26.554642,30.315321,3.532488,-21.22236,-1.0516169,-8.744896
2535,AC0049-C,2_A11,Martin Donnelly,Uganda,Nagongera,2012,10,0.77,34.025999999999996,F,AG1000G-UG,v3,0.457,0.748,arabiensis,,arabiensis,-15.977401,-56.696274,11.886092,20.200047,-2.4064097,-9.781924,-9.7866,-1.9088974,-2.6065607,1.1342229
2536,AC0050-Cx,2_A12,Martin Donnelly,Uganda,Nagongera,2012,10,0.77,34.025999999999996,F,AG1000G-UG,v3,0.455,0.7440000000000001,arabiensis,,arabiensis,-17.366795,-38.605682,18.153872,71.03458,21.11541,-25.555168,2.2064514,25.420277,-14.941678,-25.378122
2537,AC0051-C,2_B3,Martin Donnelly,Uganda,Nagongera,2012,10,0.77,34.025999999999996,F,AG1000G-UG,v3,0.41,0.654,arabiensis,,arabiensis,-16.578676,-49.21464,13.249861,20.279316,3.10673,-2.9243696,10.140038,7.4557695,-13.447378,2.2155871
2538,AC0052-Cx,2_B5,Martin Donnelly,Uganda,Nagongera,2012,10,0.77,34.025999999999996,F,AG1000G-UG,v3,0.455,0.741,arabiensis,,arabiensis,-15.28799,-45.165237,17.8691,-2.5928574,-7.8340535,-7.7424445,19.73086,14.013571,-44.749165,-3.407267
2539,AC0053-C,2_B9,Martin Donnelly,Uganda,Nagongera,2012,10,0.77,34.025999999999996,F,AG1000G-UG,v3,0.45399999999999996,0.741,arabiensis,,arabiensis,-19.197695,-59.71214,18.513836,-59.00265,-58.984634,-61.727184,21.24598,2.3828363,-48.146473,-27.862629
2540,AC0054-C,2_C1,Martin Donnelly,Uganda,Nagongera,2012,10,0.77,34.025999999999996,F,AG1000G-UG,v3,0.45399999999999996,0.736,arabiensis,,arabiensis,-16.366375,-56.752728,-4.338226,35.073753,6.84575,2.657116,6.4348445,-1.0607144,15.714212,7.0227365
2541,AC0055-C,2_C5,Martin Donnelly,Uganda,Nagongera,2012,10,0.77,34.025999999999996,F,AG1000G-UG,v3,0.45899999999999996,0.745,arabiensis,,arabiensis,-16.149881,-59.11879,0.25799453,62.35487,-22.891077,47.21795,-6.6181717,-3.5017004,3.9669197,28.066236
2542,AC0056-C,2_C9,Martin Donnelly,Uganda,Nagongera,2012,10,0.77,34.025999999999996,F,AG1000G-UG,v3,0.46,0.746,arabiensis,,arabiensis,-16.709127,-70.56938,19.285141,-22.297226,45.890038,7.4906864,-12.740969,9.348088,14.686825,2.0224717
2543,AC0057-C,2_C11,Martin Donnelly,Uganda,Nagongera,2012,10,0.77,34.025999999999996,F,AG1000G-UG,v3,0.462,0.741,arabiensis,,arabiensis,-13.628116,-53.856403,22.401125,15.467836,-3.5231,-16.79423,12.1219845,11.745618,-24.268353,-17.833021
2544,AC0058-C,2_D1,Martin Donnelly,Uganda,Nagongera,2012,10,0.77,34.025999999999996,F,AG1000G-UG,v3,0.45799999999999996,0.74,arabiensis,,arabiensis,-16.44029,-55.848248,-0.13698296,23.97053,30.655512,-29.999954,4.1112275,-2.701686,-9.884678,-14.392363
2545,AC0059-C,2_D2,Martin Donnelly,Uganda,Nagongera,2012,10,0.77,34.025999999999996,F,AG1000G-UG,v3,0.45299999999999996,0.745,arabiensis,,arabiensis,-12.647349,-48.775997,-13.345193,19.304783,28.906841,-42.901123,25.274218,-3.8658285,20.02711,30.187525
2546,AC0060-C,2_D3,Martin Donnelly,Uganda,Nagongera,2012,10,0.77,34.025999999999996,F,AG1000G-UG,v3,0.46399999999999997,0.745,arabiensis,,arabiensis,-13.742331,-38.13479,-6.2963877,48.906017,22.51051,-36.528267,1.9431237,46.456303,-18.960823,-30.184656
2547,AC0061-C,2_D6,Martin Donnelly,Uganda,Nagongera,2012,10,0.77,34.025999999999996,F,AG1000G-UG,v3,0.45399999999999996,0.741,arabiensis,,arabiensis,-17.769012,-89.57511,29.646563,-74.33357,-49.330845,-98.05887,33.169266,29.648073,-41.155407,1.9459406
2548,AC0062-C,2_D7,Martin Donnelly,Uganda,Nagongera,2012,10,0.77,34.025999999999996,F,AG1000G-UG,v3,0.456,0.745,arabiensis,,arabiensis,-19.9058,-39.491547,25.886082,-56.87608,68.54654,27.302343,-29.302082,33.56778,40.47258,30.351597
2549,AC0063-C,2_D10,Martin Donnelly,Uganda,Nagongera,2012,10,0.77,34.025999999999996,F,AG1000G-UG,v3,0.461,0.7440000000000001,arabiensis,,arabiensis,-16.729357,-89.68816,18.379057,-7.717688,5.5668383,-49.887527,2.3555243,-3.7950118,-50.612335,-47.80648
2550,AC0064-C,2_D12,Martin Donnelly,Uganda,Nagongera,2012,10,0.77,34.025999999999996,F,AG1000G-UG,v3,0.457,0.7440000000000001,arabiensis,,arabiensis,-18.613365,-42.092415,2.2523189,8.046617,-27.521019,46.121494,-14.445421,-15.922185,12.601894,-8.402173
2551,AC0065-C,2_E4,Martin Donnelly,Uganda,Nagongera,2012,10,0.77,34.025999999999996,F,AG1000G-UG,v3,0.456,0.731,arabiensis,,arabiensis,-17.592697,-46.722042,17.99482,26.03922,10.254838,-0.8550481,-8.608533,10.257771,12.177334,8.34293
2552,AC0066-C,2_E8,Martin Donnelly,Uganda,Nagongera,2012,10,0.77,34.025999999999996,F,AG1000G-UG,v3,0.462,0.748,arabiensis,,arabiensis,-18.611969,-45.370983,15.312144,-55.10576,35.877537,11.592272,-17.208393,23.960497,24.553967,30.161655
2553,AC0067-Cx,2_E12,Martin Donnelly,Uganda,Nagongera,2012,10,0.77,34.025999999999996,F,AG1000G-UG,v3,0.462,0.745,arabiensis,,arabiensis,-20.030413,-47.870678,20.406008,-8.62376,24.61265,-0.8278964,-13.13922,36.474625,30.971907,32.02973
2554,AC0068-C,2_F6,Martin Donnelly,Uganda,Nagongera,2012,10,0.77,34.025999999999996,F,AG1000G-UG,v3,0.461,0.743,arabiensis,,arabiensis,-16.40314,-50.90914,19.77402,48.67422,-6.5040298,-13.265623,14.288657,-27.422527,-1.7004513,7.5303183
2555,AC0069-C,2_F8,Martin Donnelly,Uganda,Nagongera,2012,10,0.77,34.025999999999996,F,AG1000G-UG,v3,0.461,0.7440000000000001,arabiensis,,arabiensis,-19.95859,-53.951557,18.644745,-0.025633192,1.5478015,3.027888,2.222223,-1.1850224,19.779064,14.167806
2556,AC0070-C,2_F10,Martin Donnelly,Uganda,Nagongera,2012,10,0.77,34.025999999999996,F,AG1000G-UG,v3,0.441,0.6990000000000001,arabiensis,,arabiensis,-20.086311,-63.37309,13.015219,4.47458,-18.66772,1.1014706,17.03553,-12.020936,-13.870043,-12.511776
2557,AC0071-C,2_F12,Martin Donnelly,Uganda,Nagongera,2012,10,0.77,34.025999999999996,F,AG1000G-UG,v3,0.457,0.745,arabiensis,,arabiensis,-18.027136,-48.850517,7.6135836,1.9857484,-3.5552125,-2.989619,-6.876777,-14.211923,-14.782282,2.615159
2558,AC0072-C,2_G1,Martin Donnelly,Uganda,Nagongera,2012,10,0.77,34.025999999999996,F,AG1000G-UG,v3,0.46399999999999997,0.747,arabiensis,,arabiensis,-13.799722,-61.501347,21.681166,3.851087,12.169847,-39.050964,8.253715,10.5523205,-14.170341,-5.832281
2559,AC0073-C,2_G2,Martin Donnelly,Uganda,Nagongera,2012,10,0.77,34.025999999999996,F,AG1000G-UG,v3,0.45899999999999996,0.746,arabiensis,,arabiensis,-22.955,-86.833305,45.91939,-82.794464,-86.605385,-32.67881,3.8527846,29.105026,-35.967392,-4.6868443
2560,AC0074-C,2_G3,Martin Donnelly,Uganda,Nagongera,2012,10,0.77,34.025999999999996,F,AG1000G-UG,v3,0.462,0.743,arabiensis,,arabiensis,-21.446278,-73.61278,6.096363,29.249619,-38.36345,42.924675,0.5115396,-25.384895,-0.8987611,-4.7786613
2561,AC0075-C,2_G8,Martin Donnelly,Uganda,Nagongera,2012,10,0.77,34.025999999999996,F,AG1000G-UG,v3,0.455,0.747,arabiensis,,arabiensis,-15.370581,-57.515793,-10.671593,15.816967,2.2414327,50.678017,-23.53457,-23.754486,4.1557593,-29.328548
2562,AC0076-C,2_G10,Martin Donnelly,Uganda,Nagongera,2012,10,0.77,34.025999999999996,F,AG1000G-UG,v3,0.45899999999999996,0.746,arabiensis,,arabiensis,-18.13528,-46.62117,30.362545,43.23189,13.027419,12.300821,-3.6983552,11.244106,6.4476423,18.76225
2563,AC0077-C,2_H1,Martin Donnelly,Uganda,Nagongera,2012,10,0.77,34.025999999999996,F,AG1000G-UG,v3,0.449,0.745,arabiensis,,arabiensis,-21.380678,-67.46751,7.3127522,19.650074,10.820593,36.35317,9.770748,-43.44199,70.91627,61.236755
2564,AC0078-C,2_H2,Martin Donnelly,Uganda,Nagongera,2012,10,0.77,34.025999999999996,F,AG1000G-UG,v3,0.45399999999999996,0.745,arabiensis,,arabiensis,-20.36885,-70.150696,4.3660235,41.461227,-34.221004,76.456154,-3.2940547,-59.767857,47.637833,44.552887
2565,AC0079-C,2_H5,Martin Donnelly,Uganda,Nagongera,2012,10,0.77,34.025999999999996,F,AG1000G-UG,v3,0.455,0.745,arabiensis,,arabiensis,-16.103693,-54.640507,18.0402,37.47778,5.964087,-17.58978,6.9305587,18.039747,-27.001772,-16.556816
2566,AC0080-Cx,3_A3,Martin Donnelly,Uganda,Nagongera,2012,10,0.77,34.025999999999996,F,AG1000G-UG,v3,0.456,0.748,arabiensis,,arabiensis,-19.449825,-60.834675,8.896282,25.467096,13.717593,-12.580917,8.130015,-2.0901299,2.7569048,10.847072
2567,AC0081-C,3_B1,Martin Donnelly,Uganda,Nagongera,2012,10,0.77,34.025999999999996,F,AG1000G-UG,v3,0.457,0.7290000000000001,arabiensis,,arabiensis,-16.04905,-55.75628,17.991959,69.14519,-0.02564685,20.089108,3.3577478,-40.4135,-21.956118,-19.185917
2568,AC0082-C,3_B2,Martin Donnelly,Uganda,Nagongera,2012,10,0.77,34.025999999999996,F,AG1000G-UG,v3,0.43200000000000005,0.685,arabiensis,,arabiensis,-18.92894,-60.15171,25.202541,57.304802,16.004026,-25.898241,16.48817,-24.176254,-33.23436,-28.88734
2569,AC0083-C,3_C1,Martin Donnelly,Uganda,Nagongera,2012,10,0.77,34.025999999999996,F,AG1000G-UG,v3,0.45799999999999996,0.746,arabiensis,,arabiensis,-13.683232,-66.17763,17.76585,9.552882,1.3155559,-35.18695,-2.2026443,12.509506,-37.51789,-31.379438
2570,AC0084-C,3_C2,Martin Donnelly,Uganda,Nagongera,2012,10,0.77,34.025999999999996,F,AG1000G-UG,v3,0.457,0.746,arabiensis,,arabiensis,-20.644865,-57.96425,35.06071,-17.933731,-15.122917,-34.266033,-2.3010726,-38.15121,-44.951344,-56.40431
2571,AC0085-C,3_E2,Martin Donnelly,Uganda,Nagongera,2012,10,0.77,34.025999999999996,F,AG1000G-UG,v3,0.45399999999999996,0.733,arabiensis,,arabiensis,-12.578895,-47.012257,11.391542,44.90749,-4.9194427,35.155148,-5.163209,-2.0188472,12.312574,-1.8644413
2572,AC0086-C,3_F1,Martin Donnelly,Uganda,Nagongera,2012,10,0.77,34.025999999999996,F,AG1000G-UG,v3,0.451,0.742,arabiensis,,arabiensis,-20.127386,-53.0033,7.2345343,-48.167747,38.421803,42.83796,-28.662735,9.221783,23.687614,4.8310156
2573,AC0087-Cx,3_F2,Martin Donnelly,Uganda,Nagongera,2012,10,0.77,34.025999999999996,F,AG1000G-UG,v3,0.45399999999999996,0.741,arabiensis,,arabiensis,-18.95185,-58.302708,-7.0666976,-4.0900645,2.720166,11.755724,-21.697367,10.455006,6.7845025,-27.938314
2574,AC0088-C,3_G1,Martin Donnelly,Uganda,Nagongera,2012,10,0.77,34.025999999999996,F,AG1000G-UG,v3,0.46,0.747,arabiensis,,arabiensis,-18.334528,-100.99832,33.138824,-42.945736,3.1734016,-41.232388,-0.20256428,-7.9345274,-59.952305,-76.129364
2689,AC0205-C,K2,Martin Donnelly,Uganda,Kihihi,2012,10,-0.7509999999999999,29.701,F,AG1000G-UG,v3,0.449,0.72,arabiensis,,arabiensis,-15.401257,-5.4459963,-53.0341,-20.755491,-68.91471,48.196575,-6.224705,-47.282555,-6.455716,-0.2079827
